id,rg,io,mass,N
SASDP64,2.077,0.00819054,11,77
SASDQM4,3.11,747.807,79.8,496
SASDQN4,3.41,737.619,93.1,496
SASDQP4,3.21,0.0456485,82,496
SASDM47,2.98,234.179,66,427
SASDM57,4.751,296.956,125,427
SASDPV3,4.67,0.133735,565,561
SASDPW3,4.49,0.111932,432,561
SASDPX3,3.32,0.048209,163,561
SASDPY3,3.31,0.052021,194,561
SASDRC3,2.874,0.0158874,NA,129
SASDRD3,1.939,0.01234,NA,129
SASDHH7,2.34,26.74,38,235
SASDHL7,4.9,58.27,136,564
SASDHM7,4.36,56.04,160,504
SASDQF5,3.601,8.17271,108,492
SASDQJ5,3.195,4.79821,78,378
SASDQL5,2.971,9.52987,58,270
SASDQT4,4.46,7924.67,454,211
SASDQU4,4.4,9782.43,440,211
SASDQV4,4.19,4697.45,464,211
SASDQW4,4.16,1560.88,439,211
SASDQX4,4.15,1665.39,427,211
SASDQY4,4.49,10257,453,211
SASDQZ4,4.21,1042.13,458,211
SASDQ25,4.42,10077.4,438,211
SASDQ35,4.51,7285.76,451,205
SASDQ45,4.39,10205.3,412,205
SASDQ55,4.38,10780.6,409,205
SASDQ65,4.45,10361.9,404,205
SASDQ75,4.5,11564.4,431,205
SASDMT7,2.34,0.0332525,78.21,438
SASDRJ2,3.983,0.931637,103,457
SASDRK2,5.864,1.05786,145,457
SASDRL2,4.085,0.708293,84,457
SASDRM2,5.781,1.61581,142,457
SASDRN2,6.463,0.192666,729,457
SASDRP2,6.43,0.249002,723,457
SASDRQ2,6.442,0.234475,758,457
SASDRR2,6.474,0.361173,769,457
SASDPL2,2.497,0.0812494,85.04,501
SASDQ37,2.977,0.0210215,96.1,246
SASDQ47,2.86,0.0442845,67.6,217
SASDQ57,3.949,0.0362201,145,459
SASDQ67,4.587,0.0613781,198,196
SASDQ77,4.683,0.0471338,217,243
SASDQT6,3.08,0.0827898,80,416
SASDQJ9,10.372,0.0573705,2156,467
SASDQK9,10.585,0.0308844,3410,467
SASDQT5,2,0.0478197,23.7,165
SASDQU5,1.9,0.0455074,25,165
SASDQB7,3.67,0.0297388,48,133
SASDQC7,3.95,0.0214989,49,135
SASDQD7,2.753,0.0184433,22,79
SASDQE7,2.734,0.0151487,20.5,79
SASDQF7,3.737,0.0299621,47,137
SASDNG9,1.843,1220.9,33,197
SASDNH9,1.976,1263.16,38,197
SASDNJ9,1.998,1265.73,38,197
SASDPV2,9.104,3.33634,NA,153
SASDPW2,9.577,3.59284,NA,153
SASDPX2,3.7,0.136064,NA,153
SASDLY8,3.2,80970,NA,306
SASDPY2,2.496,0.792751,50,283
SASDPZ2,3.302,0.987171,110,283
SASDP23,3.491,2.98108,102,548
SASDP33,4.569,0.528999,203,548
SASDLQ9,1.749,1268.38,11.6,80
SASDMD7,5.01,268.782,119,462
SASDME7,3.509,0.0799003,75,350
SASDMF7,3.26,0.0413404,56,275
SASDMG7,4.96,0.0406881,128,253
SASDMH7,4.324,0.0569115,100,253
SASDMJ7,4.121,0.030571,113,253
SASDMG9,2.32,1117.31,56,141
SASDQF4,5.9,309.659,911,350
SASDPY6,4.119,0.07439,213,133
SASDPZ6,4.76,0.0758354,263,133
SASDP27,3.699,88.9173,167,139
SASDP37,4.128,57.5137,192,139
SASDQ48,2.745,22.5105,102,408
SASDQ58,2.859,48.9257,102,408
SASDQ68,3.017,81.0227,108,408
SASDKD6,2.53,24861.7,11.9,70
SASDKE6,3.3,19297.5,137.8,70
SASDP47,3.41,0.0331559,253,400
SASDP57,3.519,0.0252555,267,400
SASDP67,2.7,3.11129,99,627
SASDP77,2.64,3.08849,94,627
SASDP87,2.96,0.0381771,108,627
SASDP97,2.82,0.0362242,104,627
SASDPA7,1.75,0.0012583,30.7,257
SASDPB7,1.97,0.00146108,36.5,257
SASDPM4,2.61,0.0135677,41.3,271
SASDPN4,2.418,0.011369,41.1,271
SASDQJ7,4.727,22019.5,81,140
SASDQK7,4.722,10796.3,76,140
SASDL66,4.677,0.299697,355,641
SASDL76,4.977,0.667576,450,641
SASDL86,4.488,0.143634,290,641
SASDL96,4.297,0.0653955,240,641
SASDLA6,4.171,0.030317,207,641
SASDLB6,4.057,0.0141499,187,641
SASDLC6,3.904,0.0057396,172,641
SASDLD6,4.287,0.692193,212,641
SASDLE6,3.895,0.106708,158,641
SASDLF6,3.813,0.0251843,150,641
SASDLG6,3.581,0.00405331,139,641
SASDLH6,4.962,0.168057,180,612
SASDLJ6,4.942,0.0857577,166,612
SASDLK6,4.86,0.0412381,155,612
SASDLL6,4.902,0.0183156,118,612
SASDLM6,5.203,0.117769,154,612
SASDLN6,5.04,0.0545377,150,612
SASDLP6,4.991,0.025279,146,612
SASDLQ6,4.869,0.0115412,100,612
SASDLR6,8.122,0.36067,520,1021
SASDLS6,7.957,0.173916,530,1021
SASDLT6,7.955,0.0861486,530,1021
SASDLU6,7.963,0.040456,350,1021
SASDLV6,7.001,0.262145,285,1021
SASDLW6,6.792,0.140504,275,1021
SASDLX6,6.829,0.0682426,270,1021
SASDLY6,6.769,0.0319546,254,1021
SASDFE6,3.71,9.37,186,408
SASDFF6,3.48,12.98,98,408
SASDFG6,5.76,60.38,501,408
SASDPF3,7.01,0.052314,252,735
SASDPG3,7.17,0.1013,255,751
SASDQG6,4.129,0.0151343,130,478
SASDQH6,5.773,0.713654,NA,523
SASDNA9,4.132,66.0741,394,466
SASDNB9,4.13,136.469,390,466
SASDNC9,4.181,206.588,390,466
SASDND9,4.159,274.795,390,466
SASDNE9,4.206,342.886,390,466
SASDNF9,4.236,416.692,396,466
SASDPH3,5.207,0.985436,370,603
SASDQN5,1.872,0.0206183,43,424
SASDNU7,2.81,8.53053,28.4,194
SASDNV7,3.72,7.26488,66,192
SASDNW7,2.5,0.492916,25,191
SASDNX7,2.94,1.64621,26,199
SASDP34,2.094,0.0295618,NA,153
SASDQP5,6.13,0.0169358,225,201
SASDQQ5,4.45,0.0302095,66,111
SASDQR5,4.55,0.0323373,70,112
SASDQS5,4.59,0.0371769,75,115
SASDNM5,3.529,0.0402623,172,160
SASDPP4,1.513,1.06309,17.6,124
SASDPQ4,3.23,1.12861,219.8,303
SASDPR4,3.311,1.05903,243.1,388
SASDPS4,1.605,1.09591,27.1,190
SASDPT4,1.464,1.05651,18.7,129
SASDPU4,1.367,0.999375,NA,124
SASDPV4,1.244,0.943174,NA,129
SASDPW4,1.487,0.97356,NA,190
SASDPX4,3.118,1.08129,NA,301
SASDPY4,3.072,1.09031,NA,388
SASDPZ4,1.428,1.01206,NA,129
SASDP25,1.474,1.0251,NA,124
SASDP35,1.603,0.0314742,NA,190
SASDP45,3.157,1.09263,NA,303
SASDP55,3.261,0.611894,NA,388
SASDNF2,3.302,17.8875,86.86,334
SASDNG2,3.57,137.868,88.68,334
SASDKS7,3.307,22637.6,224,263
SASDKT7,3.33,17151.3,222,263
SASDKU7,3.321,17503,223,263
SASDQN6,1.887,0.0253938,30.76,126
SASDNH2,3.61,0.0734388,185.14,473
SASDQB5,3.508,0.00563085,94,408
SASDQC5,2.695,0.025885,46,279
SASDQD5,3.148,0.0547974,111,408
SASDJS7,3.47,0.01908,46,184
SASDJT7,3.68,0.01988,48,184
SASDNK8,3.3,0.00788646,68,354
SASDNL8,3.1,0.00442203,72,385
SASDPK4,2.224,0.0105112,23,115
SASDPF7,1.5,0.0100092,16.3,124
SASDPG7,1.494,0.019935,16.4,124
SASDPH7,3.223,0.0672974,221,302
SASDPJ7,3.246,0.0785201,214,302
SASDPK7,3.227,0.179596,228,388
SASDPL7,3.304,0.305835,233,388
SASDPM7,1.611,0.0264769,24.8,190
SASDPN7,1.625,0.0194323,24,190
SASDP79,4.08,0.00385644,54,144
SASDNM3,2.95,3.48717,34,224
SASDPE8,3.345,0.0251765,83,145
SASDPF8,3.217,0.0187804,75,166
SASDN98,4.44,44711.1,151,449
SASDNA8,5.766,52628.8,111,449
SASDPD4,2.13,5879.39,22.7,149
SASDPE4,3.09,8211.14,94.2,213
SASDPF4,3.24,8501.05,72.5,149
SASDP39,2.794,25.5453,105,518
SASDNN5,2.053,0.00362359,27,79
SASDNP5,2.969,0.0372904,44,69
SASDNQ5,3.34,0.0280166,59,79
SASDNR5,3.22,0.0675137,48,79
SASDNS5,2.295,0.00417386,30,79
SASDPG4,2.563,173990,83,183
SASDPH4,2.474,154191,95.5,183
SASDP56,4.148,0.36272,NA,198
SASDP66,3.781,0.677895,98,198
SASDP76,3.75,0.649446,100,198
SASDP86,6.257,1.22175,NA,198
SASDP96,5.221,1.56745,NA,198
SASDPA6,4.771,1.30588,NA,198
SASDMY6,4.189,0.00441843,350,396
SASDMX7,6.96,0.0208333,316,1246
SASDP49,3.7,88.9173,166,139
SASDP59,4.1,0.0630961,189,133
SASDPA4,3.878,0.960113,153.8,166
SASDPB4,6.572,0.405626,NA,166
SASDKX8,5.356,0.289879,370,792
SASDKY8,5.538,0.294127,567,792
SASDN75,2.63,34.2734,76.65,223
SASDEX6,2.859,77.71,86.8,567
SASDPX7,3.84,9819.38,31.7,171
SASDPY7,7.383,10236.9,NA,171
SASDPZ7,7.068,8505.45,NA,171
SASDNK6,2.41,0.0283171,66,362
SASDNL6,2.497,0.0584429,64,362
SASDNM6,2.62,0.128975,68,362
SASDNN6,3.989,0.0409644,NA,116
SASDNP6,4.177,0.0547509,NA,116
SASDNQ6,4.111,0.0682263,NA,116
SASDNR6,2.89,0.022648,80,362
SASDNS6,2.97,0.0487528,84,362
SASDNT6,3.29,0.111022,93,362
SASDNU6,2.964,0.0246334,84,362
SASDNV6,3.599,0.0123725,45,116
SASDNX3,2.183,0.0202825,33,152
SASDNY3,1.689,0.0128601,30,152
SASDNT5,3.849,0.674345,206.8,329
SASDPT3,5.221,148.879,385.77,216
SASDPU3,5.423,195.863,410.86,216
SASDHB5,3.83,17.97,110,332
SASDHC5,4.615,27.32,183,552
SASDHD5,2.727,1.69,59,228
SASDN97,7.662,28.1693,1800,2860
SASDNA7,8.112,61.3677,1950,2861
SASDJJ5,3.73,794.43,260,64
SASDFF5,2.21,0.022,39,206
SASDFG5,6.15,0.1979,1490,469
SASDFH5,5.39,0.09066,856,206
SASDNU5,3.089,70.0544,111,102
SASDMK3,2.26,8.67056,43,203
SASDNP3,5.9,0.304241,504,1427
SASDNQ3,4.23,0.213344,426,1427
SASDLF4,3.92,12.1151,135,916
SASDLG4,4.174,34.0772,135,916
SASDLH4,4.033,34.318,131,914
SASDLJ4,4.056,17.5145,135,916
SASDLK4,3.994,32.243,133,916
SASDLL4,3.981,39.0177,130,916
SASDJX7,2.65,46.97,50,312
SASDNC5,3.65,0.0334532,115,378
SASDND5,3.447,0.276283,150,915
SASDNE5,3.983,0.347692,230,915
SASDNF5,19.925,0.373382,NA,164
SASDN77,3.1,0.0363142,87,312
SASDN87,4.2,0.0594006,NA,110
SASDMB5,3.224,122.41,85,594
SASDMC5,3.32,201.361,132,594
SASDMD5,3.278,55.283,156,594
SASDME5,3.463,52.1908,215,594
SASDP43,14.686,0.0200674,NA,745
SASDP53,14.149,0.0192607,NA,745
SASDP63,14.362,0.0145211,NA,745
SASDP73,15,0.0457489,NA,745
SASDP83,15.72,0.0847492,NA,745
SASDP93,2.567,0.0306159,44,318
SASDPA3,3.24,0.0326225,44,318
SASDPB3,3.242,0.0166937,46,318
SASDPC3,3.781,0.0312434,115,121
SASDKU9,3.044,147104,81,251
SASDPJ4,2.63,24.6382,57,281
SASDNE8,2.91,49577500,141.7,771
SASDPM2,2.9,0.103632,142,771
SASDPN2,3.17,0.116645,187,771
SASDPP2,3.06,24340300,148,771
SASDPQ2,3.166,0.105604,188,748
SASDPR2,3.17,0.105646,185,748
SASDPS2,3.07,0.115059,122,685
SASDPT2,3.07,0.115165,120,685
SASDPU2,3.29,0.118514,175,685
SASDMS5,8.78,104.01,586.72,1018
SASDMT5,5.6,43.3405,122.73,379
SASDNK9,7.324,0.428461,480,1804
SASDNL9,10.3,0.0744009,2300,1746
SASDNM9,1.887,729202,56,307
SASDNN9,3.185,945269,80,591
SASDNP9,3.501,0.139054,115,507
SASDNQ9,2.844,0.111473,85,489
SASDNR9,3.806,305.06,186,1084
SASDNS9,2.921,0.0226585,82,494
SASDNT9,3.806,0.235722,155,1006
SASDNU9,5.7,0.127845,420,2181
SASDNV9,6.71,0.0369995,680,1938
SASDNV5,4.28,0.109935,240,1252
SASDN55,1.94,0.0191716,43.6,197
SASDN65,1.9,0.0186774,44,197
SASDMR5,4.6,0.0770412,480,1048
SASDMC4,3.653,0.0318357,126,376
SASDMD4,3.671,0.0250931,124,375
SASDME4,3.554,0.0204386,118,365
SASDNB7,2.208,0.0123732,49,269
SASDNC7,2.66,0.0240916,70.5,394
SASDND7,3.31,0.0158987,84,269
SASDNE7,4.05,2545.1,158,544
SASDKZ9,4.71,6878.06,287.99,1178
SASDL22,4.14,3999.66,244.58,1057
SASDL32,4.471,4792.23,248.62,1291
SASDLJ7,2.774,0.0165053,140,123
SASDPF2,2.55,6922.74,55,168
SASDPB9,6.444,19.3577,217,820
SASDLM8,2.877,1.18183,85,364
SASDLN8,2.359,0.87998,76,364
SASDLP8,2.845,2.59545,71.6,350
SASDLQ8,2.463,2.76787,80,350
SASDLR8,2.332,0.00559637,63,314
SASDL58,4.67,0.353602,NA,138
SASDL68,4.97,0.317151,NA,138
SASDL78,4.92,0.31655,NA,138
SASDL88,5.14,0.312296,NA,138
SASDL98,5.45,0.321904,NA,138
SASDLA8,5.73,0.339575,NA,138
SASDLB8,5.38,0.305172,NA,138
SASDLC8,5.72,0.310579,NA,138
SASDLD8,2.22,1.36E-04,NA,138
SASDLE8,2.17,1.63E-04,NA,138
SASDLF8,2.08,1.97E-04,NA,138
SASDLG8,2.02,2.11E-04,NA,138
SASDLH8,1.94,1.77E-04,NA,138
SASDLJ8,1.95,1.27E-04,NA,138
SASDLK8,1.95,8.20E-05,NA,138
SASDLL8,5.688,0.333522,NA,138
SASDNG5,5.197,0.682812,530,615
SASDNH5,5.163,0.624492,540,615
SASDND6,3.079,0.118145,107,311
SASDNE6,3.064,0.147048,105,311
SASDNY7,4.38,11832.9,408.8,211
SASDNZ7,4.474,20322.1,475,211
SASDN28,4.45,74700.2,438.2,211
SASDN38,4.75,0.167316,430.2,211
SASDN48,3.75,50670.5,290,160
SASDN58,3.75,46709.9,291.2,160
SASDMJ8,10.986,1.84451,1720,588
SASDMK8,8.649,1.21734,830,658
SASDML8,2.326,0.250995,71,588
SASDMM8,11.167,2.80622,NA,588
SASDMN8,11.326,1.3182,NA,588
SASDMP8,11.424,0.558092,417,588
SASDMQ8,6.812,0.83603,460,588
SASDMR8,8.47,0.902526,NA,588
SASDMS8,3.36,0.693079,NA,588
SASDMT8,2.242,0.0991376,NA,588
SASDMU8,3.149,0.0726904,NA,588
SASDMV8,4.033,0.196822,NA,588
SASDL39,7.35,164.64,378,459
SASDL49,4.423,43.1979,98.4,459
SASDL59,7.58,143.233,365,459
SASDNF6,6.424,0.0643382,896,417
SASDNG6,6.424,0.0644779,911,417
SASDNH6,5.702,0.0173188,477,417
SASDNJ6,5.966,0.0178956,500,417
SASDHL8,2.261,163.27,78.13,505
SASDHM8,2.21,36.63,74.32,491
SASDLD2,3.643,32.03,105,413
SASDLE2,3.526,56.8907,104,413
SASDLF2,3.56,569.648,125,483
SASDLG2,3.53,281.748,123,10
SASDLH2,3.656,666.239,126,486
SASDLJ2,3.53,251.978,125,10
SASDLK2,3.703,234.933,127,486
SASDLL2,3.535,259.136,125,10
SASDLM2,3.62,228.637,120,466
SASDLN2,3.492,53.9459,125,10
SASDNH3,3.172,0.0288288,91,580
SASDNJ3,3.195,0.0583302,91,580
SASDNK3,3.226,0.134697,93,580
SASDNL3,3.191,0.131826,90,580
SASDKP3,3.652,0.0587434,79,588
SASDKQ3,4.625,0.0640581,87,492
SASDMX5,5.275,89.4464,615,513
SASDMY5,5.06,61.3246,467,513
SASDMZ5,2.578,15.6787,88,595
SASDM26,4.375,272.492,296,514
SASDKK3,3.154,0.0396578,170,1017
SASDKL3,3.146,0.021105,165,1017
SASDKM3,3.081,0.0302232,165,1017
SASDKN3,3.037,0.02,175,1017
SASDMX9,2.108,0.0150979,42,245
SASDMY9,2.295,0.0828075,35,247
SASDMZ9,5.39,0.043991,93,534
SASDN22,2.04,0.0456309,45,245
SASDN32,2.08,0.0252014,41,245
SASDN42,5.18,0.0409398,84,245
SASDNW5,1.92,0.011081,35,156
SASDNX5,2.78,0.0259576,53,324
SASDNY5,3.41,0.0389907,88,468
SASDNZ5,3.3,0.0367862,80,466
SASDN26,3.49,0.0427454,92,466
SASDKY9,4.186,58.9709,354,658
SASDK52,2.567,1.77977,49.7,265
SASDK62,2.313,1.61844,43.6,265
SASDK72,3.586,3.81286,106,265
SASDNJ2,7.022,0.448867,1650,286
SASDNK2,7.793,0.31208,1620,109
SASDMA5,1.18,0.911781,10,60
SASDLV2,4.03,0.203421,244,1439
SASDLW2,3.921,0.206462,248,1439
SASDMU6,2.01,0.00575678,28.1,155
SASDMV6,2.2,0.0266195,42.3,206
SASDMW6,3.37,0.265084,171,1082
SASDLE9,3.865,0.0451752,96.5,232
SASDKY7,4.151,25.6438,417.8,680
SASDKZ7,4.53,11.2226,432.5,680
SASDL87,3.15,0.0208848,100.8,444
SASDMC9,3.27,0.034604,102,456
SASDM67,6.65,95.911,346.4,1048
SASDJV3,2.02,295.75,28,134
SASDM42,4.215,0.0905734,NA,362
SASDM52,4.287,0.090608,NA,362
SASDM62,4.842,0.113502,NA,362
SASDM72,4.889,0.113772,NA,362
SASDNY9,2.4,0.00771428,55,320
SASDNZ9,2.8,0.0532251,77,320
SASDP22,2.802,0.175176,85,320
SASDP32,2.813,0.354118,89,320
SASDP42,2.224,0.00726946,44,320
SASDP52,2.42,0.0486053,61,320
SASDP62,2.293,0.11839,58,320
SASDP72,2.348,0.144317,58,320
SASDP82,2.9,0.00813647,63,320
SASDP92,3.4,0.0547844,78,320
SASDPA2,4.433,0.498615,140,320
SASDPB2,3.25,0.00920553,70,320
SASDPC2,3.415,0.0640127,70,320
SASDPD2,4.8,0.281691,120,320
SASDNZ3,2.667,3.17685,56,354
SASDJE6,1.93,0.012,5.1,78
SASDJF6,2.58,0.0085,13,78
SASDJG6,1.43,0.00136,1.2,40
SASDJH6,1.93,0.011,NA,51
SASDNR3,5.36,108.347,141,722
SASDNS3,4.69,21.0873,102,393
SASDNT3,7.39,35.0987,759,393
SASDKS4,7.809,0.502988,1280,2488
SASDKT4,7.19,0.537379,1270,2488
SASDKU4,9.538,0.633854,1370,2488
SASDKV4,7.065,0.519635,1260,2488
SASDKW4,6.987,0.49083,1270,2488
SASDKX4,7.794,0.460121,1390,2488
SASDMU3,4.258,15.6491,148,814
SASDN85,6.393,57749,1630,572
SASDN95,6.606,34775.5,1600,572
SASDNA5,6.418,70885.9,1800,572
SASDNB5,6.143,33840.9,1700,572
SASDMG4,3.596,0.00603164,NA,783
SASDMH4,4.277,0.00475075,NA,783
SASDMY7,2.2,0.0501843,24,62
SASDMZ7,2.17,0.0493219,24,62
SASDM28,2.18,0.0486827,24,62
SASDM38,2.175,0.0477606,24,62
SASDM48,2.168,0.0475742,24,62
SASDM58,2.155,0.0468184,24.3,62
SASDM68,2.155,0.0469053,24,62
SASDM78,2.165,0.0472594,NA,62
SASDM88,2.422,0.115344,27,62
SASDM98,2.477,0.116281,27,62
SASDMA8,2.44,0.115202,27,62
SASDMB8,2.45,0.114927,27,62
SASDMC8,2.39,0.114702,28,62
SASDMD8,2.44,0.113988,27,62
SASDME8,2.43,0.11385,28,62
SASDMF8,2.41,0.112445,28,62
SASDMQ6,4.7,0.171377,200,202
SASDLK9,7.201,0.029841,338,475
SASDLL9,7.096,0.0236876,327,477
SASDNC3,3.066,0.130379,82,271
SASDND3,4.669,0.221671,183,273
SASDNE3,5.424,0.280971,313,275
SASDNF3,3.926,0.116678,85,268
SASDNG3,4.11,0.0649503,87,262
SASDN52,2.311,0.0781005,13,131
SASDN62,1.797,0.162589,11,191
SASDN72,1.872,0.140574,10,191
SASDN82,4.757,0.107287,20,131
SASDLP2,4.402,1.39E-04,330,378
SASDLP4,2.28,0.034188,53.6,212
SASDLQ4,2.56,0.0361863,61.4,267
SASDLR4,3.55,0.0671631,212,252
SASDMT3,4.03,0.0634751,260,300
SASDMX3,5.236,0.734021,NA,465
SASDNF7,2.236,105.531,59.34,328
SASDNG7,2.99,115.089,122,328
SASDP88,5.15,0.0417151,137,251
SASDNA3,3.5,0.0459685,35,110
SASDNB3,3.5,0.0311963,33,85
SASDMK7,8.251,0.19444,426,657
SASDML7,8.195,0.294815,500,668
SASDD97,2.74,39.11,NA,578
SASDDA7,4.11,44.38,NA,578
SASDDB7,2.76,37.44,NA,578
SASDDC7,3.91,36.59,NA,578
SASDMS6,2.808,0.0278075,96,268
SASDMT6,3.931,0.0664127,152.8,268
SASDMM7,3.097,312.669,106,716
SASDMN7,3.109,286.844,106,716
SASDMP7,3.114,283.755,106,716
SASDMQ7,3.287,253.542,107,716
SASDMR7,3.242,244.431,103,716
SASDMS7,3.238,242.473,106,716
SASDKV7,2.397,7.21642,63,346
SASDKW7,2.129,10.6387,34,152
SASDKX7,2.783,19.8436,75,152
SASDJ33,2.943,0.044,60,294
SASDKF8,3.532,0.0622967,46.1,242
SASDKG8,3.364,0.0428052,47,149
SASDKH8,3.808,15.5952,45.75,173
SASDLT2,5.12,0.092942,330,1322
SASDLU2,8.13,0.155764,710,214
SASDK78,6.83,150.588,NA,462
SASDEX9,3.34,1320.69,233,263
SASDMN2,8.867,0.0231497,NA,496
SASDMP2,9.317,0.0595853,NA,484
SASDMQ2,5.442,0.0247182,NA,484
SASDLS4,4.64,0.0160171,93,258
SASDLT4,6.33,0.0179591,211,415
SASDLU4,6.72,0.0386012,254,448
SASDJ69,7.595,0.113037,NA,250
SASDJ79,8.887,0.796764,NA,250
SASDJ89,8.589,0.984147,NA,250
SASDJ99,9.002,1.48383,NA,250
SASDJA9,10.415,1.99114,NA,250
SASDJ75,3.82,0.0936,174.09,427
SASDLG7,2.074,0.00981418,19,74
SASDLH7,1.712,0.00883472,12,68
SASDJ34,3.48,150,213,602
SASDJ44,5.11,52.5,514,602
SASDJ54,6.6,114.6,1340,602
SASDK46,3.295,5964.01,22,48
SASDK56,2.05,24372.6,59,229
SASDLY4,2.62,0.00258506,60,200
SASDLZ4,3.729,0.255601,140,474
SASDL25,4.475,0.473291,250,200
SASDL29,3.73,94046,NA,329
SASDMQ5,3.654,0.120097,156,200
SASDFM4,2.6,0.001343,50,382
SASDFN4,2.562,0.001574,43,382
SASDFP4,2.706,0.01089,73,465
SASDFQ4,2.694,0.01029,61,465
SASDFV8,6.185,0.503,504,303
SASDFW8,6.38,0.509,531,303
SASDFX8,6.527,0.553,584,303
SASDFY8,7.061,0.659,666,303
SASDFZ8,7.217,0.766,696,303
SASDF59,2.49,0.01299,79.5,209
SASDF69,2.41,0.02581,84,192
SASDF79,2.43,0.01347,78.4,192
SASDF89,2.43,0.02631,82,192
SASDGD7,7.271,0.85,NA,303
SASDGE7,7.505,0.73,NA,303
SASDGF7,6.914,0.59,NA,303
SASDGG7,6.504,0.5,NA,303
SASDGH7,6.279,0.47,NA,303
SASDGJ7,7.611,0.96,NA,303
SASDGK7,7.628,0.82,NA,303
SASDGL7,7.047,0.62,NA,303
SASDGM7,6.686,0.52,NA,303
SASDGN7,6.44,0.45,NA,303
SASDGP7,6.182,0.34,NA,15
SASDGQ7,6.072,0.34,NA,15
SASDGR7,6.23,0.35,NA,15
SASDGS7,6.1,0.34,NA,15
SASDGT7,6.148,0.34,NA,15
SASDGU7,3.135,0.11,NA,15
SASDGV7,2.557,0.081,NA,15
SASDGW7,2.463,0.079,NA,15
SASDGX7,2.421,0.076,NA,15
SASDGY7,6.912,0.64,NA,303
SASDGZ7,6.772,0.55,NA,303
SASDG28,6.392,0.5,NA,303
SASDG38,6.309,0.46,NA,303
SASDG48,6.113,0.43,NA,303
SASDG58,5.158,0.55,NA,303
SASDG68,5.637,0.49,NA,303
SASDG78,5.891,0.49,NA,303
SASDG88,6.096,0.48,NA,303
SASDG98,6.088,0.47,NA,303
SASDGA8,5.23,0.54,NA,303
SASDGB8,5.585,0.47,NA,303
SASDGC8,5.98,0.46,NA,303
SASDGD8,6.138,0.45,NA,303
SASDGE8,6.233,0.46,NA,303
SASDGF8,5.398,0.58,NA,303
SASDGG8,5.491,0.46,NA,303
SASDGH8,6.029,0.48,NA,303
SASDGJ8,6.094,0.45,NA,303
SASDGK8,6.182,0.46,NA,303
SASDGL8,5.974,0.52,NA,303
SASDGM8,5.538,0.37,NA,303
SASDGN8,5.939,0.36,NA,303
SASDGP8,6.017,0.35,NA,303
SASDGQ8,6.105,0.35,NA,303
SASDGR8,6.045,0.73,NA,303
SASDGS8,5.652,0.48,NA,303
SASDGT8,5.808,0.44,NA,303
SASDGU8,5.994,0.43,NA,303
SASDGV8,6.042,0.43,NA,303
SASDGW8,3.054,0.2147,NA,195
SASDGX8,2.817,0.13,NA,195
SASDGY8,2.589,0.093,NA,195
SASDGZ8,2.468,0.081,NA,195
SASDG29,2.433,0.081,NA,195
SASDG39,6.17,0.46,NA,303
SASDG49,6.14,0.44,NA,303
SASDG59,6.178,0.46,NA,303
SASDG69,6.158,0.34,NA,303
SASDG79,6.075,0.43,NA,303
SASDG89,2.416,0.078,NA,195
SASDG99,5.775,0.22,NA,303
SASDGA9,6.106,0.32,NA,303
SASDGB9,5.142,0.28,NA,303
SASDGC9,5.818,0.24,NA,303
SASDGD9,6.088,0.23,NA,303
SASDGE9,5.125,0.28,NA,303
SASDGF9,5.9,0.22,NA,303
SASDGG9,6.192,0.27,NA,303
SASDGH9,5.557,0.23,NA,303
SASDGJ9,5.948,0.22,NA,303
SASDGK9,6.359,0.27,NA,303
SASDGL9,5.336,0.23,NA,303
SASDGM9,5.813,0.19,NA,303
SASDGN9,5.696,0.1766,NA,15
SASDGP9,5.368,0.2038,NA,303
SASDGQ9,2.325,0.051,NA,195
SASDGR9,4.178,0.069,NA,15
SASDGS9,2.374,0.047,NA,195
SASDGT9,2.691,0.088,NA,15
SASDHD2,3.303,0.084,225,302
SASDJK4,5.11,45.98,262,356
SASDJL4,7.48,17.82,898,347
SASDJM4,3.42,30108,132,771
SASDJN4,3.46,28300,101,771
SASDJM7,5.35,181938,177,130
SASDJN7,6.36,102961,1100,130
SASDJP7,7.05,101892,950,466
SASDMC2,1.322,244.306,NA,133
SASDMD2,1.396,122.992,NA,133
SASDME2,1.418,85.3575,NA,133
SASDMF2,1.44,42.5612,NA,133
SASDMG2,1.454,17.6212,NA,133
SASDMH2,1.397,247.362,NA,133
SASDMJ2,1.398,247.362,NA,133
SASDMK2,1.389,247.295,NA,133
SASDML2,1.398,247.362,NA,133
SASDGW5,2.72,1.74,11.7,563
SASDGZ5,3.18,2.25,NA,538
SASDBL9,2.68,51460,55.03,168
SASDBM9,2.08,69307,45.58,165
SASDBN9,4.04,72749,115.26,190
SASDCQ8,2.83,815763,NA,597
SASDCR8,2.74,1524400,NA,400
SASDCS8,1.34,1198940,NA,107
SASDDW9,4.4,9.11,132,354
SASDDX9,3.95,8.29,99,354
SASDEL7,3.93,167.68,304,984
SASDEM7,3.96,138.06,315,984
SASDEN7,3.95,168.9,309,984
SASDEA8,3.74,89.22,119,623
SASDGZ9,2.95,29.8,98,618
SASDH22,3.16,30.83,88,618
SASDH32,2.97,29.83,85,618
SASDH42,1.42,8.55,5.8,76
SASDH52,1.86,7.61,20,147
SASDB85,1.7,0.14,20.5,183
SASDCD8,6.27,51179.7,NA,178
SASDCE8,4.03,8102.35,NA,510
SASDCF8,2.74,44.66,NA,595
SASDCG8,1.9,4058.71,NA,265
SASDCH8,1.21,11681.1,NA,106
SASDCJ8,3.23,7954.08,NA,395
SASDCK8,1.41,648.36,NA,133
SASDCL8,1.6,1068.23,NA,223
SASDEP3,6.54,10367.8,NA,834
SASDEQ3,5.89,8043.92,NA,834
SASDER3,5.92,7557.4,NA,834
SASDET3,4.51,8876.33,245,432
SASDEU3,7.63,1734.36,778.34,834
SASDEV3,4.63,1322.06,230,834
SASDJ93,2.14,1228.59,45,282
SASDJA3,2.31,1752.52,58,282
SASDJB3,2.51,1420.01,68,287
SASDJC3,2.83,8252.23,97,287
SASDJD3,2.88,15964,111,287
SASDJE3,2.8,22946.7,116,287
SASDL33,3.842,0.443329,274,321
SASDL43,3.827,0.447352,279,321
SASDL53,3.812,0.210116,235,321
SASDL63,4.021,0.217971,225,321
SASDLF9,3.351,0.00934011,38,133
SASDGG6,2.83,0.0028,73.52,310
SASDGH6,2.87,0.0049,81.6,310
SASDGJ6,3.17,0.17,107.9,310
SASDGK6,3.07,0.063,103.55,310
SASDGL6,3,0.54,96.8,310
SASDGM6,2.94,0.075,94.09,310
SASDKZ8,3.4,38.272,NA,475
SASDK29,3.83,69.7727,NA,475
SASDK39,3.81,39.9014,NA,475
SASDK49,4.254,53.4863,NA,475
SASDK59,2.88,10.8575,20,90
SASDK69,3.58,67.4256,NA,297
SASDK79,3.74,74.5182,NA,297
SASDK89,4.24,96.4457,NA,297
SASDK99,4.086,11.2348,NA,468
SASDKA9,4.31,11.7984,NA,468
SASDKB9,4.63,13.9482,NA,468
SASDKC9,4.423,73.8754,NA,552
SASDKD9,3.68,32.447,45,134
SASDKE9,3.319,45.0074,80,406
SASDKF9,2.454,35.6554,54,284
SASDKG9,2.148,24.3512,NA,243
SASDKH9,1.6,12.8498,24,134
SASDL42,3.698,1131740,111,767
SASDL52,3.68,597453,138,758
SASDLA2,5.106,137.827,NA,475
SASDLB2,5.159,128.397,NA,475
SASDLC2,5.251,133.739,NA,475
SASDL73,2.897,0.0225338,NA,310
SASDL83,3.025,0.0242339,NA,310
SASDL93,3.112,0.0258974,NA,310
SASDLA3,3.06,0.026761,100,310
SASDLB3,3.116,0.0279841,103,310
SASDLC3,3.11,0.0266646,103.5,310
SASDLD3,3.101,0.0268179,106,310
SASDLE3,3.19,0.0301057,111,310
SASDM82,1.48,0.00358935,15.97,83
SASDQ85,2.016,16.4731,58,313
SASDLG9,6.272,0.275718,524,182
SASDLH9,3.067,0.129172,20,122
SASDLJ9,2.542,0.0199877,12,62
SASDK74,1.927,0.0146595,44,98
SASDK84,4.4,17159,168,215
SASDKF6,3.13,0.0711987,59,297
SASDKG6,4.217,0.0451583,138,650
SASDKJ9,2.792,0.00871327,50,297
SASDKK9,2.872,0.0164943,54,297
SASDJD2,2.12,0.04479,33,45
SASDL97,4.685,0.362172,153.71,309
SASDLA7,5.161,0.564646,234.44,309
SASDKL9,5.868,0.150754,559,3335
SASDKM9,5.852,0.0918094,565,3335
SASDKN9,5.87,0.174527,557,3335
SASDKP9,5.838,0.136374,560,3335
SASDMM2,6.657,0.101383,500,598
SASDMY3,38.397,36845500,NA,129
SASDM44,22.305,31589000,NA,129
SASDM54,22.537,191333000,NA,129
SASDM64,23.642,150273000,NA,129
SASDM74,30.97,73689100,NA,129
SASDLQ2,3.443,4.65245,211,324
SASDLR2,3.378,4.00262,244,324
SASDLS2,3.64,4.46532,223,324
SASDJW3,4.67,0.1287,546,222
SASDJX3,3.055,0.04893,49,190
SASDJ38,7.41,0.07043,375,1082
SASDJ48,8.12,0.12,430,1082
SASDJ58,8.92,0.2733,505,1082
SASDJ68,9.64,0.68,715,1082
SASDJ78,10.2,1.55,900,1082
SASDJ88,3.27,0.02985,26,190
SASDJ98,3.15,0.05722,31,190
SASDJA8,3.13,0.1133,34,190
SASDJB8,3.17,0.22,66,190
SASDJC8,2.27,0.02198,51,222
SASDJD8,2.26,0.04447,56,222
SASDJE8,2.33,0.08884,59,222
SASDJF8,2.41,0.1806,61,222
SASDJG8,10.53,0.04704,1000,1777
SASDKA6,3.35,6972.66,92.65,214
SASDKB6,3.4,7182.23,96.14,214
SASDKC6,3.24,6841.06,91.07,214
SASDL82,3.888,1704.63,162,550
SASDL92,3.422,603.83,142,550
SASDL26,2.53,0.116251,41,273
SASDL36,2.711,0.112142,40,273
SASDLZ2,6.994,0.999638,267,1460
SASDL23,7.067,0.987624,294,1460
SASDLT3,4.292,0.0366353,90,254
SASDL35,6.552,420.898,320,118
SASDL45,6.56,207.285,325,118
SASDL55,6.441,151.93,315,118
SASDL65,6.332,92.9907,315,118
SASDL75,3.909,2236.87,340,35
SASDL85,5.577,7412.81,800,408
SASDL95,7.76,1866.94,2660,253
SASDL46,4.84,0.0849945,NA,250
SASDL56,2.798,0.0638716,NA,250
SASDL69,5.33,0.0432052,NA,290
SASDL79,4.289,0.0289196,NA,184
SASDL89,6.495,0.0458835,NA,403
SASDL99,4.153,0.0206988,NA,202
SASDLA9,5.925,0.00981983,NA,202
SASDJN2,3.16,262,143,630
SASDJP2,2.31,9.5,80,469
SASDJQ2,3.2,235.64,141,630
SASDJR2,6.51,103.9,790,922
SASDJS2,4.51,74.99,211,630
SASDKY6,3.364,0.276037,190,80
SASDHW7,3.47,57.94,161,357
SASDHX7,3.729,49.96,134,357
SASDHY7,3.683,86.95,133,373
SASDHZ7,3.362,63.95,124,373
SASDKL2,3.005,0.0779713,88,275
SASDKS9,4.26,0.051781,183,373
SASDLA5,1.472,0.0362367,17,133
SASDLB5,1.465,0.0333989,17,132
SASDLC5,1.465,0.0361623,16,133
SASDLD5,1.463,0.0315453,17,133
SASDLU3,2.747,63.8381,NA,701
SASDLV3,2.797,37.6669,NA,701
SASDLW3,2.764,50.2936,NA,701
SASDLX3,2.78,40.6626,NA,701
SASDLY3,2.773,2726.99,NA,701
SASDLZ3,2.773,2726.99,NA,701
SASDL24,2.848,2810.76,NA,701
SASDL34,2.857,2786.68,NA,701
SASDL44,2.81,2891.17,NA,701
SASDL54,2.912,2921.8,NA,701
SASDL64,2.937,2811.13,NA,701
SASDL74,2.94,2863.55,NA,701
SASDL84,2.885,44.607,NA,701
SASDL94,2.88,142.639,NA,701
SASDLA4,2.82,170.316,NA,701
SASDLC4,2.838,2786.13,NA,701
SASDLD4,2.81,138.346,NA,701
SASDLE4,2.82,181.602,NA,701
SASDGP5,2.7,0.0059,26,167
SASDGQ5,4.64,0.278,585,488
SASDGR5,4.99,0.329,670,488
SASDKD8,3.105,0.12989,66.8,247
SASDKE8,2.962,0.0272428,45,247
SASDKH6,3.213,0.641411,NA,588
SASDKJ6,3.726,0.693528,NA,588
SASDKK6,2.594,0.116782,NA,588
SASDKL6,3.411,0.224354,NA,563
SASDKM6,2.384,0.100296,NA,588
SASDKN6,3.182,0.073014,NA,563
SASDL62,2.41,4950.93,41,284
SASDL72,2.27,3777.33,37,293
SASDKZ6,4.823,0.142879,NA,250
SASDK27,8.991,0.128429,NA,250
SASDK37,7.058,1.07288,NA,250
SASDK47,9.893,1.68054,NA,250
SASDK57,9.281,2.3604,NA,250
SASDK67,8.914,3.18893,NA,250
SASDK48,2.769,66.9335,85,228
SASDK58,4.631,197.551,378,274
SASDK24,2.08,21.8607,47,104
SASDJS5,3.77,0.05725,160,632
SASDJT5,4.97,0.1074,516,632
SASDEU5,2.43,42815,68.7,334
SASDEC6,2.37,599573,94.26,334
SASDG65,2.73,51634,68,336
SASDJK3,7.66,0.646,NA,1499
SASDJL3,6.73,0.78,NA,1499
SASDJM3,6.64,0.462,NA,254
SASDJN3,7.61,0.548,NA,1499
SASDJP3,6.56,0.5,NA,1499
SASDJQ3,6.59,0.808,NA,254
SASDLJ3,4.09,0.0495963,170,834
SASDLK3,4.1,0.042232,224,795
SASDLL3,4.08,0.0507957,175,795
SASDJJ6,3.45,0.0082,45.7,191
SASDJK6,3.86,22.02,66.4,209
SASDJL6,6.7,0.17,214.3,476
SASDJM6,5.33,13036.2,172,926
SASDJN6,7.6,14343.4,371.1,476
SASDJP6,5.75,14050,241.8,209
SASDJ85,2.74,0.00593,50,166
SASDKQ9,2.7,73.3328,56,172
SASDKR9,3.9,172.537,165,172
SASDKA2,2.976,0.0405535,NA,230
SASDKB2,2.976,0.0405535,NA,230
SASDKC2,2.94,0.0404135,NA,237
SASDKD2,3.106,0.0407234,NA,237
SASDKE2,3.09,0.0416114,NA,239
SASDK76,2.249,15.2665,56,320
SASDHV9,2.78,0.0099,43,214
SASDKW8,4.196,0.0279206,90,544
SASDKM8,2.45,0.0590013,30,103
SASDKN8,4.09,0.0793525,60,103
SASDKP8,5.25,0.0502668,120,103
SASDKQ8,2.5,0.0482185,30,104
SASDKR8,4.42,0.097197,88,103
SASDKT8,3.08,0.0446085,28,105
SASDKU8,3.04,0.0192789,27,105
SASDKV8,4.38,8687.68,170,105
SASDKZ4,8.415,86.6974,NA,157
SASDK25,8.325,18.3061,NA,157
SASDK35,8.215,43.7778,NA,157
SASDK45,8.098,85.4827,NA,157
SASDK55,8.008,39.7034,NA,157
SASDK65,8.071,18.258,NA,157
SASDK75,7.054,9.77016,NA,157
SASDK85,7.925,154.084,NA,157
SASDK95,8.019,38.8792,NA,157
SASDKA5,8.043,76.907,NA,157
SASDKB5,7.937,156.714,NA,157
SASDKC5,7.579,70.2366,NA,157
SASDKD5,7.532,38.3063,NA,157
SASDKE5,6.285,14.1671,NA,157
SASDKF5,2.712,26.3504,NA,157
SASDK66,4.759,360.209,386,157
SASDFB7,4.348,0.026,336,504
SASDFC7,4.006,0.015,367,504
SASDHF8,1.428,0.003,2.92,24
SASDHG8,1.476,0.0030706,2.97,24
SASDHH8,1.469,0.00284308,3,24
SASDKF4,3.9,0.236803,314,167
SASDKL4,4.205,132.594,250,325
SASDKM4,3.828,57.4637,213,325
SASDKN4,3.596,20.8506,203,325
SASDKP4,3.385,9.32265,168,325
SASDKY4,3.81,2461.25,277,167
SASDJ64,2.22,0.02576,27.2,153
SASDJ74,1.974,0.00781,27.6,153
SASDKB8,5.124,0.998155,269,690
SASDKC8,5.192,0.99873,271,690
SASDK68,3.74,5995.21,50,165
SASDJM5,3.19,0.051,62,379
SASDJQ5,3.25,0.02573,50,364
SASDJR5,3.53,0.06441,63,364
SASDK42,3.216,0.0308189,64131,364
SASDK92,3.113,107.814,27.82,471
SASDJL7,3.24,0.01688,93,262
SASDFR7,3.602,0.1302,213,386
SASDJU5,4.6,6127,NA,690
SASDJV5,4,34.5,NA,342
SASDJA6,4.79,53183.5,392,1712
SASDKQ2,3.43,0.0342722,158,475
SASDKR2,3.42,0.0932795,164.9,475
SASDKS2,3.43,311.248,170,483
SASDJ55,2.54,0.1365,85,179
SASDJ65,2.49,0.1189,89,179
SASDJ28,2.149,0.025,60,245
SASDHQ9,3.43,87.21,128,275
SASDKG4,2.961,9.30175,109.53,357
SASDKH4,3.113,2.65046,98.6,357
SASDJR8,3.13,5758.7,111,302
SASDJS8,3.07,0.0141485,112.1,302
SASDJT8,2.65,3197.71,71.46,302
SASDJU8,2.53,0.0119876,63,302
SASDJV8,3.07,0.121483,105.75,312
SASDJW8,2.45,0.103258,58.7,312
SASDJX8,3.47,0.0146194,129.5,328
SASDJY8,3.09,0.0138433,120.9,328
SASDJZ8,2.71,0.0119663,69.4,328
SASDJ29,2.46,0.0112077,64.5,328
SASDJ39,2.7,0.053613,72.6,398
SASDKA4,8.1,0.160964,NA,455
SASDKB4,10.2,23462.7,NA,454
SASDKC4,13.077,28764.1,NA,455
SASDJK8,5.6,13.8,380,239
SASDJL8,4.63,13.29,71,240
SASDJM8,4.67,18.23,69,143
SASDJ49,2.884,0.0239675,83.22,205
SASDJ59,2.758,0.0537554,71.72,205
SASDHJ5,3.337,0.077,168,173
SASDHK5,3.341,0.074,164,173
SASDHL5,3.342,0.047,163,173
SASDHM5,3.343,0.045,161,173
SASDHN5,3.332,0.078,171,173
SASDJC5,3.99,0.045,240,207
SASDJD5,3.83,0.1018,244,207
SASDJE5,3.88,0.1319,254,207
SASDJF5,2.12,0.042097,42,203
SASDJ76,3.81,6.73,52.6,326
SASDJ86,3.504,4.23,40.6,326
SASDJD4,2.72,0.1739,68.3,257
SASDJE4,2.68,0.21,49,257
SASDJN5,3.035,0.01157,54,405
SASDJP5,2.931,0.01396,42,301
SASDJN8,4.088,66.22,128,386
SASDJP8,3.58,0.021,93,652
SASDJQ8,4.53,0.12,224,1045
SASDKQ4,7.224,154.181,330,253
SASDKR4,2.209,0.0825871,52,280
SASDJX5,2.217,0.004826,41,166
SASDJ52,5.42,123.84,170,340
SASDJ62,6.33,147.2,330,633
SASDJ72,6.1,169,240,922
SASDJ82,6.2,10009,675,633
SASDK82,3.91,0.106268,134,824
SASDHU4,3.65,53.2,116.82,192
SASDHV4,3.31,29.79,82,305
SASDHW4,3.55,71.28,217,593
SASDHX4,3.85,142.24,217,592
SASDHY4,3.36,134.4,215,584
SASDHZ4,6.04,240.75,683,593
SASDEY6,4.64,49.9,259,834
SASDKJ2,3.41,23565.9,82,360
SASDKK2,3.24,22685.3,78,360
SASDJY3,3.36,0.09655,86,53
SASDJZ3,3.68,0.485,105,53
SASDJ24,4.45,15.078,138,438
SASDJ84,3.08,4210.26,32.36,215
SASDJ94,2.16,3982.28,34,216
SASDGU9,6.99,64.97,681,818
SASDGV9,4.76,78.81,297,618
SASDGW9,4.57,69.03,238,545
SASDGX9,4.42,55.51,150,442
SASDGY9,4.07,44.65,111,618
SASDH89,3.11,28.97,NA,88
SASDJP4,3.188,25.26,146,88
SASDJQ4,3.068,71.53,136,88
SASDJB9,2.126,0.00165521,18.4,82
SASDJC9,3.346,0.00735652,38.7,200
SASDJD9,3.387,0.0100373,39.7,99
SASDJE9,3.383,0.00691184,75.9,126
SASDJR7,3.371,0.171606,198,537
SASDJY7,3.72,0.023,127.07,638
SASDJZ7,4.19,0.019,161.42,694
SASDJQ7,2.56,9453.26,89,250
SASDJG5,2.694,2.03,93,306
SASDJH5,2.394,1.22,54,306
SASDHG6,2.982,20.74,69,281
SASDHH6,3.052,20.82,68,281
SASDHJ6,3.036,20.48,67,281
SASDHK6,2.981,19.83,66,281
SASDHL6,2.938,19.36,65,281
SASDHM6,2.904,18.91,64,281
SASDHN6,2.896,18.64,64,281
SASDHP6,2.88,18.39,63,281
SASDHQ6,2.822,17.96,62,281
SASDHR6,2.81,17.84,62,281
SASDHS6,2.859,17.93,62,281
SASDHT6,2.79,17.55,63,281
SASDHU6,2.795,17.51,60,281
SASDHV6,2.735,17.15,61,281
SASDHW6,2.848,17.63,63,281
SASDHX6,2.758,17.13,61,281
SASDHY6,2.749,17.08,60,281
SASDHZ6,2.723,16.95,60,281
SASDH27,2.805,17.25,63,281
SASDH37,2.742,17,61,281
SASDH47,2.757,17.08,61,281
SASDH57,2.696,16.73,60,281
SASDH67,2.782,17.12,61,281
SASDH77,2.691,16.73,60,281
SASDH87,2.72,16.86,60,281
SASDH97,2.697,16.74,60,281
SASDHA7,2.77,17.07,61,281
SASDHB7,2.69,16.69,61,281
SASDHC7,2.76,16.92,60,281
SASDHD7,2.723,16.81,60,281
SASDHE7,2.725,16.81,61,281
SASDHF7,2.826,17.24,61,281
SASDHG7,2.69,16.68,60,281
SASDJB5,6.17,69.62,210,422
SASDJF4,2.09,1915.57,22,144
SASDJG4,2.97,3062.64,64,261
SASDJH4,3.53,0.053,87,144
SASDFN8,5.35,50957.8,679,179
SASDFP8,1.82,7753.8,36.7,268
SASDFQ8,2.76,15415.7,98.4,601
SASDFR8,3.95,12356,211,601
SASDFS8,3.34,31144.3,201,358
SASDF99,2.79,4502.3,95,601
SASDJ43,3.559,0.154,75,421
SASDJ53,4.19,0.0796,84,543
SASDJ92,7.02,90.69,NA,699
SASDJA2,10.66,5593.49,NA,850
SASDHJ8,1.93,37.65,28.7,90
SASDH64,1.36,0.0071,11.8,77
SASDH74,2.72,0.006598,22.81,135
SASDH84,2.14,0.01322,26.72,135
SASDH94,1.73,0.02128,27.59,135
SASDHA4,3.24,0.01068,69,135
SASDHB4,2.67,0.02908,50,154
SASDHC4,2.52,0.01727,47,135
SASDHD4,2.67,0.04973,50,135
SASDHE4,2.74,0.037,50.76,135
SASDJ47,3.97,0.030375,79,361
SASDJ57,4.24,0.0324,89,413
SASDFS7,3.28,3836.63,77,452
SASDFT7,3.35,3765.62,94,476
SASDFU7,3.02,3287.85,70.5,463
SASDGY6,2.5,20517.8,56,185
SASDGZ6,2.41,45063.9,60,185
SASDG27,2.45,80553.5,57,185
SASDNU3,4.312,0.0436496,84,405
SASDNV3,6.62,0.011141,NA,698
SASDNW3,7.1,0.177266,NA,405
SASDJF3,2.019,0.00444,52,326
SASDJG3,3.74,0.0279,265,543
SASDJH3,1.45,2.1027,20.5,151
SASDJJ3,1.315,0.001058,10,62
SASDHR5,4.31,69573.4,339,424
SASDHU5,5.32,108705,450,703
SASDJU9,2.12,0.0234296,28.76,163
SASDJV9,2.076,0.00922346,22.24,138
SASDJW9,5.735,0.198293,446,402
SASDJX9,5.026,0.174012,278.4,9
SASDJY9,4.754,0.168137,189.2,9
SASDJZ9,4.597,0.165227,151,347
SASDK22,5.48,0.17964,215.6,380
SASDK32,5.28,0.147162,362.2,467
SASDKJ4,3.37,445.291,92,85
SASDFZ7,5.1,1833.64,131,643
SASDF28,3.66,26.33,52,237
SASDF38,2.82,17.3,29,199
SASDF48,3.22,14.87,37,253
SASDHY5,NA,NA,NA,570
SASDHZ5,NA,NA,NA,556
SASDH26,NA,NA,NA,350
SASDH36,NA,NA,NA,181
SASDH66,NA,NA,NA,181
SASDH76,NA,NA,NA,350
SASDH86,NA,NA,NA,350
SASDH96,NA,NA,NA,350
SASDHA6,NA,NA,NA,181
SASDHB6,NA,NA,NA,181
SASDJY5,NA,NA,NA,556
SASDJZ5,NA,NA,NA,556
SASDJH8,3.34,0.01642,36,237
SASDJJ8,3.34,0.01815,36,237
SASDHP5,4.22,9158.69,280,323
SASDHC6,2.53,63.54,55,148
SASDHD6,2.5,214.6,62,162
SASDHE6,3.21,34.6,110,148
SASDHF6,3.29,636.1,157,162
SASDJU4,4.22,28.11,253,629
SASDJV4,3.79,42.86,240,609
SASDJX4,5.615,4777.5,1040,4119
SASDJY4,5.47,555,918,4119
SASDJR3,2.4,0.02251,64,271
SASDJT2,4.4,139957,295,1322
SASDJU2,5.5,433316,393,1322
SASDJV2,4.47,171829,292,1322
SASDC72,3.24,0.061,146,443
SASDCK3,2.68,0.18,74,465
SASDEA2,3.035,0.01059,102,123
SASDH59,3.251,0.0972,88,302
SASDH69,2.521,0.0274,48,302
SASDH79,3.279,0.137,93,302
SASDJ23,2.505,0.01736,69,302
SASDJR4,3.05,7.76,53,129
SASDJS4,2.08,8.6,28.9,84
SASDJC6,3.59,0.091,NA,467
SASDJD6,3.74,0.14,NA,477
SASDJS3,4.03,13851,94,550
SASDJT3,3.43,12258,85,439
SASDJU3,2.71,4605,45,310
SASDJQ6,4.06,38.3,198,981
SASDJR6,2.59,168.9,29,213
SASDJS6,3.45,38.72,41,30
SASDJT6,3.99,10.9,61,43
SASDJU6,3.25,6.36,34,322
SASDJV6,4.39,35.75,79,43
SASDJW6,3.65,3.63,38,327
SASDJX6,3.98,11.3,63,43
SASDJY6,3.37,7.72,32,322
SASDJZ6,2.48,5.48,20,223
SASDJ27,3.22,7.09,34,43
SASDJ37,3.29,6.91,34.5,213
SASDJA4,2.33,264.9,44.6,271
SASDJB4,2.66,185.6,57.8,343
SASDJC4,2.44,353.1,46.8,296
SASDJW5,2.93,0.02143,80,379
SASDHU9,4.727,284.85,99,682
SASDJ63,3.03,0.1362,89,404
SASDHJ4,1.76,13915,52,81
SASDHK4,1.91,13062,52,81
SASDHR8,4,56.75,97,573
SASDHS8,2.9,25.5,48,481
SASDHT8,4.62,72.3,290,481
SASDHU8,3.71,0.082,174,481
SASDJM2,3.34,0.172,54,381
SASDHT5,2.52,2.9,71,389
SASDHV5,3.81,8.47,252,504
SASDHW5,3.79,16.68,240,504
SASDHX5,3.76,33.39,240,504
SASDJE2,1.563,0.011,3.3,34
SASDJF2,1.868,0.031,22,45
SASDJG2,1.243,0.005048,2.6,20
SASDJH2,1.804,0.02682,22,45
SASDJJ2,1.755,0.02966,19.5,45
SASDJK2,1.774,0.02407,25,64
SASDJL2,2.087,0.03421,47,87
SASDHG9,2.46,10724.3,77,422
SASDHH9,2.43,10455.8,76,422
SASDHJ9,2.44,10818.9,76,422
SASDHK9,2.44,10936.8,73,422
SASDEY9,2.85,286.77,66.2,413
SASDEZ9,4.12,514.54,143,882
SASDHJ7,2.67,22.8,38,257
SASDHK7,1.81,2540.17,28,168
SASDJJ4,1.8,113.08,40,209
SASDLM9,2.216,14.8075,22,170
SASDLN9,3.23,64.9015,126,551
SASDLP9,3.73,70.0204,136,170
SASDHR4,2.69,3.07,66,305
SASDHW9,2.989,0.002705,77,465
SASDHX9,2.96,0.002722,75,465
SASDHY9,2.835,0.003095,64,374
SASDHP8,5.44,0.06681,623,1641
SASDHD9,5.68,3549650,350,787
SASDHE9,3.87,1674060,106,604
SASDHF9,2.4,1804710,47,284
SASDHH4,2.7,7.83,52,74
SASDG75,4.64,8.56E-04,529,201
SASDHV8,4.91,0.1276,267,704
SASDHW8,4.86,0.106,274,704
SASDHX8,4.64,0.1271,257.63,704
SASDHY8,5.03,0.1178,270,704
SASDHZ8,4.92,23812.9,239,704
SASDH29,4.87,0.1189,240,704
SASDHG4,2.387,0.02331,38,284
SASDH65,3.32,0.01186,76,400
SASDH95,2.64,0.01147,66,282
SASDHW2,2.94,0.0379,114,284
SASDFN6,3.171,9.42,NA,91
SASDFQ6,2.18,449.42,36,92
SASDFW7,2.26,22.71,77.4,490
SASDFX7,2.286,0.08527,77.8,504
SASDFY7,2.31,0.07715,79.3,508
SASDH92,3.16,0.04725,126,196
SASDG37,2.96,3331.04,115.57,304
SASDG47,4.56,3100.16,340,304
SASDG57,3.95,4538.44,160,304
SASDEX4,2.429,0.00477,29.5,104
SASDHN8,3.7,0.1326,97,177
SASDJ73,1.96,0.02185,26,188
SASDJ83,2.06,0.02213,29,188
SASDH99,5,0.09496,104,104
SASDHA9,4.63,0.04095,88,107
SASDHB9,5.7,0.02174,368,107
SASDHC9,2.95,0.027,43,75
SASDGG2,3.016,0.01059,40.6,304
SASDGH2,1.743,0.006122,21.7,169
SASDGJ2,1.889,0.006792,27.6,179
SASDGK2,3.307,0.009368,84,304
SASDHR9,3.23,0.03294,110,363
SASDHS9,3.139,0.03237,105,363
SASDFV6,3.02,59.96,53,90
SASDHT4,10.9,372.8,NA,822
SASDHQ5,NA,NA,NA,6
SASDHK8,NA,NA,NA,6
SASDD88,1.58,25148.2,22.59,91
SASDDD8,2.37,13.63,56.2,291
SASDDQ8,3.69,98.53,112,297
SASDDN9,5.21,10.84,870,697
SASDEW3,6.24,197.66,662,698
SASDDH6,2.39,2.28E-05,39.44,220
SASDF22,4.15,0.4742,227,191
SASDF32,3.6,3.16E-04,174,585
SASDF42,4.06,6.843,202,603
SASDHS4,2.119,2.53,33,90
SASDHS5,3.119,1.4,85.45,192
SASDH28,2.72,59.6,103,110
SASDHQ8,4.46,0.085,483,2106
SASDHC2,4.81,0.1043,624,638
SASDFD5,2.64,7468.95,84.59,207
SASDFE5,2.55,7682.32,77.16,207
SASDGA5,2.23,17.6,48.6,229
SASDGU5,2.52,44.27,55.5,229
SASDH45,6,0.008,437,587
SASDGC6,3.19,0.062,71,509
SASDGD6,2.01,0.037,49.5,464
SASDHL4,3.72,12.91,140,768
SASDHM4,3.71,19.86,147,768
SASDHN4,3.71,12.59,150,768
SASDHP4,2.32,4.72,54,287
SASDHQ4,4.85,3.59,258,768
SASDG54,7.89,0.53,584,1376
SASDMG8,3.967,0.034456,90,275
SASDMH8,3.575,0.0303644,80,341
SASDHF4,4.9,0.023,187,462
SASDG55,3.51,1.99,129,282
SASDMJ4,30.226,362701,NA,129
SASDML4,29.366,7539740,NA,129
SASDH24,1.833,14.59,NA,191
SASDH34,3.37,9.35,NA,468
SASDF87,2.82,0.082,NA,661
SASDF97,1.87,0.048,NA,575
SASDFA7,3.28,0.045,NA,481
SASDF85,1.967,18.77,23.2,103
SASDEB9,2.61,2183.73,44.33,257
SASDEC9,2.19,2755.43,44.15,263
SASDHW3,2.7,0.0019,NA,112
SASDHX3,2.69,0.0019,NA,112
SASDGS5,3.59,70.04,47.24,124
SASDGT5,3.83,74.46,49.91,124
SASDG95,3.48,0.1485,120,491
SASDHP7,1.92,0.22,40.9,309
SASDHQ7,2.947,1.68,78.1,309
SASDKE4,NA,NA,NA,171
SASDEN3,4.39,3.30E-04,266.62,881
SASDCQ6,3.35,0.2168,180,920
SASDCR6,5.32,1.973,415,920
SASDCS6,4.05,85780,207,920
SASDF45,4.95,4980.81,178,317
SASDF55,4.73,5745.48,152,317
SASDGV5,2.12,30582,50,245
SASDES7,3.232,444.35,109,152
SASDET7,3.23,16.86,108,152
SASDEU7,3.74,46.42,133,137
SASDEV7,2.675,208.48,90,135
SASDEN8,4.448,0.03598,216,432
SASDEP8,4.65,0.0469,226,432
SASDEQ8,4.022,0.04338,156,432
SASDER8,2.552,0.002476,102,192
SASDES8,3.923,0.04189,149,432
SASDGD2,2.16,177,50,309
SASDGE2,2.03,89,31,111
SASDGF2,3.95,0.06197,114,309
SASDF53,2.09,24.98,52.07,274
SASDF63,2.8,85.1,64.47,396
SASDF73,2.62,44.28,72.26,452
SASDF83,4.04,60.23,114.07,664
SASDD43,1.75,18612.1,30,194
SASDDD6,3.89,65.9,104.9,625
SASDE52,5.031,0.04445,468,548
SASDE62,5.059,0.02333,470,550
SASDE72,5.084,0.02792,491,562
SASDE82,4.826,0.02611,437,551
SASDE92,5.179,0.0189,508,563
SASDFK8,3.08,0.01971,46,114
SASDFL8,3.06,0.01625,91,108
SASDFM8,3.59,0.004864,126,114
SASDD75,2.7,11423.2,42,109
SASDE99,2.52,0.58,60,356
SASDEA9,3.06,0.7,68,356
SASDG44,3.42,255.03,188,207
SASDEB2,19.8,870.97,NA,281
SASDEC2,21.8,990.33,NA,281
SASDFF2,10.53,20.8,NA,281
SASDFG2,11.4,30.29,NA,281
SASDFH2,10.46,29.5,NA,281
SASDFJ2,10.14,27.75,NA,281
SASDFK2,9.94,25.16,NA,281
SASDFL2,9.009,20.04,NA,281
SASDFM2,9.75,19.02,NA,281
SASDFN2,9.17,16.1,NA,281
SASDFP2,8.057,12.58,NA,281
SASDFQ2,8.061,11.11,NA,281
SASDFR2,15.22,43.5,NA,281
SASDFS2,13.22,45.41,NA,281
SASDFT2,15.27,46.57,NA,281
SASDFU2,14.48,41.47,NA,281
SASDFV2,12.09,32.6,NA,281
SASDFW2,13.08,30.97,NA,281
SASDFX2,11.05,24.69,NA,281
SASDFY2,10.58,20.07,NA,281
SASDFZ2,12.13,20.33,NA,281
SASDF23,10.2,15.48,NA,281
SASDKS3,5.423,16390.5,444,948
SASDKT3,5.295,14092.1,430,948
SASDF96,5.4,84,160,148
SASDE32,1.853,15.75,32,132
SASDE42,1.93,16.44,34,127
SASDFZ3,3.114,0.049,130,394
SASDGV4,6.32,0.055,140,172
SASDGW4,5.01,0.038,84,172
SASDFT4,6.2,0.269,146,515
SASDFU4,6.2,0.272,144,515
SASDFV4,8.1,0.275,231,515
SASDFW4,10.06,0.0327,NA,860
SASDFX4,8.83,1.08,513,997
SASDG97,6.46,54.21,187,356
SASDGA7,4.08,2829,56,238
SASDGB7,4,4757.14,55,224
SASDGC7,3.82,0.058,52,213
SASDHX2,3.18,3.09,122,340
SASDGH4,3.83,16.06,349.5,523
SASDGJ4,3.83,31.1,326.1,523
SASDGK4,3.83,65.2,314.7,523
SASDGL4,3.74,15.29,237,529
SASDGM4,3.78,31.5,237.5,529
SASDGN4,3.76,61,255,529
SASDGP4,3.69,22.26,256,529
SASDGQ4,3.82,47.7,260,529
SASDGR4,3.85,95.5,272,529
SASDGS4,3.78,22.83,290,529
SASDGT4,3.74,50.2,250,529
SASDGU4,3.76,103.8,270,529
SASDGX4,2.599,56.86,60,318
SASDFL4,2.49,0.65,58,163
SASDGV6,2.64,6.71,108.42,333
SASDGW6,3.9,19.1,280.36,275
SASDGX6,6.1,26.97,457,333
SASDFT9,4.018,395.1964,169,788
SASDFU9,4.247,90.2641,191,811
SASDFV9,4.28,153.6211,181,788
SASDFW9,4.409,124.1835,199,796
SASDFX9,4.894,129.0501,213,824
SASDGB6,3.24,0.0026,NA,511
SASDFL6,3.27,35.57,143,768
SASDFM6,4.98,126.76,316,616
SASDFA6,5.61,0.27,155,932
SASDDR3,3.79,0.192981,218,325
SASDEV9,2.745,0.03041,63,357
SASDEW9,4.75,43.99,145,410
SASDGN2,5.01,0.06156,260,919
SASDG35,1.89,20.78,35,179
SASDG45,1.69,16.9,30.74,151
SASDFB6,4.02,0.13678,207,935
SASDG26,3.37,0.068,188,306
SASDG36,3.1,0.077,108,298
SASDG46,3.33,0.163699,163,298
SASDG56,3.372,611.3,132.4,330
SASDG66,2.991,356.2,115.9,330
SASDG76,3.126,1781,156.6,228
SASDG86,3.372,2237,180.4,228
SASDG96,2.926,1778,143.7,330
SASDGA6,3.298,3146,171.9,330
SASDH25,2.41,659.93,74,422
SASDH35,2.8,0.032,69,180
SASDHA2,4.31,419.1,230,721
SASDHB2,4.37,145.01,218,721
SASDF58,3.45,6172,38,173
SASDF68,3.93,7618,56,173
SASDF78,4.23,7760.3,63,173
SASDF88,4.49,7411,77,173
SASDF98,4.29,4905,58,173
SASDFA8,4.61,1716.6,76,173
SASDFB8,4.49,4417,78,173
SASDFC8,4.49,4203,74,173
SASDGD4,5.669,0.0686,360,396
SASDGE4,4.983,0.0669,256,227
SASDGF4,5.346,0.05787,313,227
SASDGG4,4.993,0.06795,282,227
SASDFC5,3.09,151.87,92,730
SASDGB5,2.969,47587.5,32,202
SASDGC5,2.602,52924.3,32,202
SASDGD5,2.334,0.0095,28,202
SASDGE5,2.374,19485,32,202
SASDGF5,2.482,17363.4,32,202
SASDGG5,2.44,0.017,31,202
SASDGH5,2.737,0.1355,29,202
SASDGJ5,3.054,0.071,41,202
SASDGK5,2.362,0.0077,29.5,202
SASDG64,5.46,1.05,194,406
SASDG74,5.3,1.03,168,397
SASDG84,5.3,1.03,180,419
SASDG94,5.46,1.05,194,406
SASDGA4,5.46,1.05,194,406
SASDGB4,5.06,1.02,168,397
SASDGC4,5.06,1.02,168,397
SASDFC4,4.6,7926,236,1160
SASDFD4,4.25,9640,230,1160
SASDFE4,8.32,32958,1080,1160
SASDFF4,6.75,21563,720,1160
SASDFG4,5.38,15896.5,463,1160
SASDFH4,5.31,13159,400,1160
SASDFJ4,4.74,11342,301,1160
SASDFK4,4.64,10748,280,1160
SASDFL5,6.28,0.1393,557,584
SASDF27,2.77,2554.73,NA,101
SASDF37,1.89,3365.65,NA,94
SASDF47,2.78,4984.25,NA,101
SASDF57,3.14,5684.36,NA,114
SASDF67,3.75,7308.79,NA,94
SASDF77,1.72,2969.53,NA,94
SASDGL2,6.2,6483.9,636,703
SASDC68,2.54,4561.9,50.6,115
SASDC78,3.27,4373.6,108,115
SASDC88,1.63,1189,31,155
SASDC98,2.93,4759.4,68,115
SASDEJ7,6.03,4176.6,301.93,115
SASDEK7,2.1,2948.54,NA,183
SASDFD7,4.498,40.27,NA,379
SASDFE7,5.382,42.05,NA,619
SASDFF7,4.216,1.88,NA,379
SASDFG7,4.325,0.61,NA,383
SASDFH7,4.191,2.72,NA,379
SASDFJ7,5.552,219.33,NA,619
SASDFC6,3.34,267.5,119,568
SASDFD6,3.6,611,147,568
SASDF24,3.86,16438,207,513
SASDGY4,4.213,36.82,308,517
SASDGZ4,4.39,2.85,272,487
SASDCN4,3.3,15.56,34.8,311
SASDCP4,3.24,24.33,36.5,311
SASDCQ4,3.32,59.02,36.8,311
SASDCR4,3.24,3.81,35.1,311
SASDCS4,2.96,3.94,52,339
SASDCT4,3.3,8.88,63,339
SASDCU4,4.29,24.55,98.4,339
SASDCV4,3.56,2.41,40.5,339
SASDC35,3.02,14.87,39.9,311
SASDEZ8,3.274,257.05,70,361
SASDE29,3.037,82.2,76,351
SASDE39,3.38,35.74,72,361
SASDE49,3.118,561.3,76,352
SASDE59,3,142.54,63,330
SASDE69,2.84,138.3,80,344
SASDE79,3.147,218.9,77,324
SASDE89,3.043,342.7,75,351
SASDFL3,3.53,0.31,NA,231
SASDFM3,-2.81,0.017,NA,231
SASDFN3,3.282,0.17,NA,231
SASDFP3,2.83,0.25,NA,231
SASDFQ3,3.499,0.25,NA,231
SASDFR3,3.06,0.29,NA,231
SASDFK7,1.943,0.02,NA,231
SASDFL7,3.365,0.55,NA,231
SASDFM7,2.741,0.14658,NA,231
SASDFN7,3.501,0.27,NA,231
SASDFP7,3.496,0.3754,NA,450
SASDFQ7,3.082,0.1691,NA,450
SASDES6,4.326,0.27,484,280
SASDEV6,8.99,72.88,710,863
SASDEW6,8.28,39.02,381,429
SASDER7,8.9,92.06,853,814
SASDFD3,2.73,23.72,41,298
SASDFE3,4.07,30.77,64,298
SASDFF3,3.95,26.86,57,298
SASDFG3,4.29,32.13,70,298
SASDFH3,3.99,28.45,60,298
SASDFD8,1.96,124.42,32,245
SASDFE8,1.83,128.71,33,245
SASDFF8,2.11,49.4,35,238
SASDFG8,2.03,49.65,34,238
SASDFH8,2.32,67.04,44,294
SASDFJ8,2.06,67.06,39,294
SASDEE8,3.85,43.69,102.11,603
SASDEF8,3.89,65.89,105.72,638
SASDEG8,5.45,155.5,269.6,638
SASDEH8,4.49,237.7,119.64,638
SASDEJ8,4.79,30.77,211.21,638
SASDEK8,3.82,13.9,102,603
SASDEL8,5.13,100.26,162,638
SASDEM8,5.46,109.81,186,638
SASDF65,3.37,0.00212099,88,511
SASDF75,2.96,0.00204357,70,469
SASDDA6,2.38,107.28,49,338
SASDDE7,2.551,257.54,52,613
SASDGP2,3.42,28.13,128,855
SASDGQ2,3.1,100.51,108,669
SASDGR2,2.18,7.14,38,187
SASDED9,2.64,74.67,60.74,419
SASDEE9,2.23,17.94,40.06,192
SASDEF9,7.31,67.36,293,844
SASDFD2,3.8,6.69,200,375
SASDFE2,4.1,28.17,179,261
SASDF93,3.26,109.12,198,310
SASDF94,2.31,62549.3,NA,53
SASDFA4,1.8,658.24,NA,59
SASDFB4,1.78,645.24,NA,59
SASDDY9,4.22,144.47,424,931
SASDDZ9,4.15,160.86,380,908
SASDE22,4.51,53.41,398,858
SASDEL9,4.612,0.06559,406,775
SASDEM9,6.19,58.9,856,726
SASDFM5,5.22,13.309,238,365
SASDFN5,4.73,51.88,195,365
SASDF76,3.51,4530.06,123.74,388
SASDFK3,2.77,0.05911,91,271
SASDKD4,NA,NA,NA,171
SASDF86,2.147,0.120254,46,144
SASDF34,4.72,26.64,102,282
SASDF44,4.84,118.59,167,282
SASDF54,4.24,2794.37,183,282
SASDF64,4.75,72.8,178,282
SASDF74,5.26,88.7,171,282
SASDF84,4.24,51.16,131,282
SASDEL6,2.57,40.03,71.79,466
SASDEM6,2.57,33.48,78.29,466
SASDEN6,2.52,44.78,72.95,466
SASDEP6,2.52,33.08,75.88,466
SASDEQ6,2.62,37.34,73.25,466
SASDER6,2.48,36.86,73.29,466
SASDEC7,3.36,60.22,134,208
SASDED7,3.39,46.48,134,208
SASDEE7,3.4,50.34,132,208
SASDEF7,3.41,58.86,140,208
SASDEG7,3.74,75.5,285,206
SASDEH7,3.7,86.9,280,206
SASDFS3,7.012,0.03473,232,364
SASDFT3,6.38,0.062,252,364
SASDFA5,2.963,84.58,70,465
SASDFB5,2.96,84.58,70,465
SASDF52,3.23,66.26,22,304
SASDEF5,3.44,21282,237,870
SASDEB8,3.7,0.94,110,216
SASDEC8,4.391,1.53,NA,216
SASDDD7,5.634,0.276,400,303
SASDD98,5.681,0.25,410,303
SASDDA8,5.769,0.2394,430,303
SASDC45,2.93,0.0271,66,466
SASDDH9,3.43,42,115,358
SASDFR4,5.11,37.24,379,325
SASDFS4,6.53,40.11,642,261
SASDFU3,3.36,26.89,124,818
SASDFV3,3.53,14.04,167,301
SASDFW3,4.04,24.1,240,359
SASDE36,6.04,15472,738,1040
SASDE46,6.05,13857,747,1040
SASDE56,5.75,11832,709,1040
SASDE66,6.12,126992,666,1036
SASDE76,6.03,118516,672.39,1036
SASDE86,5.69,110407,791,1036
SASDFA3,6.08,134767,765,1040
SASDFB3,6.16,121053,787,1040
SASDFC3,5.87,103761,775,1040
SASDET6,3.54,2891.74,114,278
SASDEU6,3.61,3006.99,100,275
SASDEN9,2.89,282.9,76,232
SASDF82,2.56,57.1,102,448
SASDF92,2.52,0.036,54.5,448
SASDFA2,2.64,0.042,77.1,448
SASDFB2,2.54,0.032,66.2,448
SASDFC2,2.64,0.04024,65.6,448
SASDEP9,3.14,2166.9,110,544
SASDEQ9,3.94,2543.39,127,544
SASDET9,2.761,0.04769,56.4,160
SASDE37,8.841,0.08391,NA,1596
SASDKN2,3.462,607.466,NA,372
SASDKP2,3.3,1493.69,NA,372
SASDC28,2.8,0.04846,913,247
SASDC38,1.87,0.0215,275,192
SASDEK4,1.7,0.004055,22200,182
SASDEQ4,2.62,0.2423,54,213
SASDER4,3.73,0.41044,100.6,224
SASDEV5,3.26,0.072,137.2,52
SASDEW5,3.54,0.074,162.34,52
SASDEX5,3.54,0.074,162.34,52
SASDEY5,5.41,0.15,309.45,603
SASDEZ5,5.41,0.15,309.45,603
SASDE26,3.8,0.102,179.46,603
SASDE48,1.509,0.01421,18,97
SASDE58,2.349,0.04886,63,97
SASDDQ4,2.22,0.034125,20,128
SASDDR4,2.27,0.03394,20.7,128
SASDES5,1.54,13.48,23.85,121
SASDQP6,5.81,0.0410958,NA,274
SASDD33,4.12,31335.6,262,186
SASDKM7,3.178,0.383502,60,563
SASDKN7,3.189,0.263636,73,563
SASDE78,3.87,0.1,204,182
SASDE88,3.68,0.1137,134,462
SASDE98,2.63,0.03143,57,182
SASDEJ3,2.64,0.0287,57.8,362
SASDEK3,3.17,0.0327,76.7,419
SASDEL3,4.27,0.05,113,552
SASDDJ6,2.57,42.58,86.4,231
SASDEY3,1.58,10.05,26.69,148
SASDEZ3,1.61,10.69,27.46,148
SASDE24,2.03,14.51,44.69,148
SASDE34,1.6,5.4,23.2,148
SASDE44,1.56,7.29,23.4,148
SASDE54,1.6,8.25,26.07,148
SASDE64,1.6,4.91,26.3,148
SASDE74,1.69,11.33,31,148
SASDE84,2.03,13.86,42,148
SASDE94,1.58,2.62,24.56,148
SASDEA4,1.65,7.68,27,148
SASDEB4,2.02,13.9,41.5,148
SASDEF4,1.61,13.99,28.5,148
SASDEG4,1.56,8.01,26,148
SASDEH4,1.8,14.3,37,148
SASDFJ3,3.72,27.64,96,742
SASDG25,4.7,6.04E-05,254,1224
SASDEW7,2.25,25.07,28.54,142
SASDEX7,2.2,21.67,30.13,142
SASDEY7,2.15,14.44,29.44,141
SASDEZ7,2.23,10.24,30.75,141
SASDE28,2.1,11.69,28.74,141
SASDE38,2.15,10.93,28.8,141
SASDEG5,3.73,154.9,300,503
SASDEH5,3.62,152,256,503
SASDEJ5,3.61,152,250,503
SASDEK5,3.68,153,292,503
SASDEL5,3.68,153.28,291,503
SASDEM5,3.69,153.81,304,503
SASDEN5,3.65,152.55,258,503
SASDEP5,3.71,154.11,294,503
SASDEQ5,3.71,153.79,292,503
SASDER5,3.62,152.02,252,503
SASDE96,4.14,92.63,351,558
SASDDM9,5.47,0.074,319,461
SASDCR2,6.319,0.103524,251.43,419
SASDCS2,6.22,0.1,210,401
SASDCT2,5.71,0.09,220,387
SASDCU2,5.13,0.083,200,373
SASDEZ6,2.352,549.21,45,268
SASDE27,1.796,131.69,27,268
SASDET8,5,0.0473,333,1164
SASDEU8,4.71,0.075,258,1164
SASDEV8,2.74,0.011,NA,262
SASDEW8,2.05,1181.87,25,162
SASDED6,4.138,159.91,238,363
SASDEE6,4.653,324.9,310,385
SASDE47,3.56,267.76,202,790
SASDE57,3.61,746.46,204,790
SASDE67,3.5,1095.94,207,790
SASDE77,3.55,1484.31,205,790
SASDE87,3.63,130.99,230,912
SASDE97,3.75,271.93,236,912
SASDEA7,3.76,500.43,237,912
SASDDG2,2.744,0.039,66,230
SASDDH2,2.87,0.036,60,228
SASDDB8,2.243,0.0391339,NA,148
SASDDC8,3.175,0.0379622,NA,148
SASDEE2,3,9.21,NA,217
SASDEN4,2.685,121.13,NA,548
SASDEP4,2.91,142.7,NA,548
SASDES4,4,0.11,202,217
SASDET4,4.28,0.092,217,217
SASDEU4,4.78,0.15,297,217
SASDEV4,5.3,0.094,626,217
SASDEW4,5.88,0.129,805,217
SASDEY4,1.49,0.166,10,128
SASDEZ4,1.86,0.159,38,267
SASDE25,2,0.053,39,53
SASDE35,2.35,0.191,55,397
SASDE45,3.01,0.489,100,708
SASDE55,5.13,2.248,685,178
SASDE65,2.827,0.465,92,601
SASDE75,2.814,0.068,104,601
SASDE85,2.774,0.152,85,601
SASDE95,2.897,0.069,74,601
SASDEA5,2.794,0.00364,78,601
SASDEB5,2.842,0.212,99,601
SASDEC5,4.106,0.188,200,601
SASDED5,2.695,4.886,84,601
SASDEE5,2.766,0.045,85,601
SASDDN6,4.01,0.76,248,704
SASDEF2,2.67,49.97,103,87
SASDEG2,4.51,13.9,272,88
SASDET5,2.71,0.381,73,418
SASDEA6,3.158,0.054922,107,551
SASDEB6,2.725,0.0679,84.2,396
SASDD85,3.94,0.043,120.03,483
SASDEF6,2.7,0.021,18.5,94
SASDEG6,2.77,0.026812,20,97
SASDEH6,5.3,0.09629,83,138
SASDEJ6,4.57,0.0107,72,94
SASDEK6,4.68,0.008297,239.07,97
SASDD32,2.91,3765.76,96,442
SASDDH3,2.85,24.16,56.89,145
SASDDY5,5.96,0.043,396,3378
SASDDZ5,6.25,0.11,407,3378
SASDD26,6.5,0.045,899,3378
SASDD36,6.3,0.11,384,3378
SASDEF3,3.69,93.18,136.6,1071
SASDEG3,3.75,120.68,134,1071
SASDD45,3.04,0.00380685,112,146
SASDD55,3.197,0.003635,110,146
SASDC75,4.48,0.0659072,NA,423
SASDJW2,3.68,3548.6,95.2,287
SASDJY2,2.12,1245,28.51,182
SASDEP7,2.21,24.26,39,305
SASDEQ7,2.19,25.64,39,299
SASDDL6,2.142,0.08262,47,264
SASDDM6,2.142,0.08563,46,264
SASDDE9,2.91,0.017,43.4,132
SASDDF9,2.24,0.033,56.8,323
SASDDG9,3.03,0.03215,102.2,132
SASDDR9,3.7,17075,212,1099
SASDDS9,4,8610,145,802
SASDDT9,3.7,8788,234,1099
SASDDU9,3.4,10980,100,632
SASDDS8,3.07,40.91,93,275
SASDDT8,2.59,44.77,55,52
SASDD66,2.62,0.0238,42.84,285
SASDD76,2.57,0.0195,47.61,285
SASDD29,3.47,42.4,212,523
SASDD39,3.74,105.2,229,523
SASDD49,3.74,229.4,238,523
SASDD59,3.71,71.8,277,523
SASDD69,3.82,82.2,275,523
SASDD79,3.79,123.2,277,523
SASDC44,2.693,12.3491,28,242
SASDC54,3.321,24.648,38,342
SASDC64,4.06,14.2104,70,30
SASDD83,3.363,0.037,169,173
SASDDT3,2.367,71.02,94,323
SASDDU3,2.407,156.59,95,323
SASDDV3,2.397,283.33,95,323
SASDDW3,2.764,71.72,85,323
SASDDX3,2.717,151.7,95,323
SASDDY3,2.728,340.51,102,323
SASDDZ3,2.41,95.21,97,356
SASDD24,2.42,217,116,356
SASDD34,2.361,408.7,98,356
SASDD44,2.577,81.96,85,356
SASDD54,2.78,180.51,107,356
SASDD64,2.671,360.68,106,356
SASDD74,2.391,85.07,98,352
SASDD84,2.382,195.21,111,352
SASDD94,2.419,385.13,106,352
SASDDA4,2.658,73.91,83,352
SASDDB4,2.773,176.43,98,352
SASDDC4,2.772,309.74,105,352
SASDDD4,2.398,65.47,93,356
SASDDE4,2.554,151.43,96,356
SASDDF4,2.422,195.63,102,356
SASDDG4,2.812,143.43,94,356
SASDDH4,2.786,290.13,111,356
SASDDJ4,2.379,65.83,104,351
SASDDK4,2.463,144.05,111,351
SASDDL4,2.485,251.46,109,351
SASDDM4,2.421,60.86,104,351
SASDDN4,2.452,116.72,122,351
SASDDP4,2.442,258.39,106,351
SASDD95,3.02,39647.6,69,423
SASDDA5,3.24,45109,70,432
SASDDN7,2.31,53.66,88,436
SASDDP7,2.36,119.48,90,436
SASDDQ7,2.397,243.28,95,436
SASDDR7,2.495,50.14,83,436
SASDDS7,2.622,115.19,83,436
SASDDT7,2.749,234.51,88,436
SASDDU7,2.468,55.99,96,436
SASDDV7,2.555,125.14,97,436
SASDDW7,2.544,231.52,94,436
SASDDX7,2.663,48.59,94,436
SASDDY7,2.761,111.42,91,436
SASDDZ7,2.667,207.01,91,436
SASDD28,2.574,53.69,89,436
SASDD38,2.717,132.14,93,436
SASDD48,2.72,257.99,92,436
SASDD58,2.75,56.61,86,436
SASDD68,2.929,121.89,82,436
SASDD78,2.931,257.09,89,436
SASDDE8,2.37,0.016,36.9,246
SASDDF8,2.32,0.0159,35.31,246
SASDDG8,2.417,0.0164,36.1,246
SASDDH8,2.781,0.0162,35.3,246
SASDDJ8,2.73,0.0153,34.2,246
SASDDK8,2.55,0.0189,42.3,246
SASDDL8,2.358,0.0143,35.4,246
SASDDM8,2.33,0.0154,35.1,246
SASDDN8,2.28,0.0152,34.1,246
SASDDP8,2.36,0.0155,35.3,246
SASDDP9,4.21,0.01746,71,472
SASDDQ9,3.334,0.02786,91,579
SASDEL4,3.86,0.0081,NA,411
SASDCW8,2.05,0.0684,46.3,218
SASDCX8,2.07,0.104,46.6,218
SASDCY8,2.07,0.138,46.2,218
SASDCZ8,2.83,0.401,NA,218
SASDC29,2.93,0.366,108.4,218
SASDC39,2.98,0.324,107.4,218
SASDC49,3.06,0.213,105.3,218
SASDC59,2.93,0.252,106.1,218
SASDC69,2.91,0.145,NA,218
SASDC79,2.82,0.089,NA,218
SASDC89,2.65,0.039,NA,218
SASDEM3,2.47,27.04,74,252
SASDD62,8.29,63.72,NA,467
SASDD72,7.9,50.4,NA,467
SASDD82,6.9,39.6,NA,467
SASDD92,6.68,34.74,NA,467
SASDDA2,7.85,34.8,NA,467
SASDDB2,7.29,32.5,NA,467
SASDDC2,6.68,28.9,NA,467
SASDD89,2.31,7.88,58,147
SASDD99,2.41,8.53,63.45,147
SASDDA9,2.33,5.87,46,147
SASDDB9,2.54,18.04,59,147
SASDDC9,3.28,13.04,89,147
SASDDW4,5.05,61.5,268,740
SASDDB3,3.7,931.8,203.5,510
SASDDC3,3.87,6223.9,218,510
SASDDD3,4.14,1933.33,287,510
SASDDB5,4,0.89,189,615
SASDDC5,3.857,1.14,173,615
SASDDD5,4.78,0.125,607,615
SASDDE5,2.15,0.022,47.39,254
SASDDF5,2.12,0.022,50.3,254
SASDDQ6,3.68,0.13,151.6,921
SASDDR6,3.69,0.13,151.5,921
SASDDS6,3.7,0.13,155.6,921
SASDDT6,3.61,0.1278,160.56,921
SASDDU6,3.65,0.28,152.3,921
SASDDV6,3.67,0.28,149.9,921
SASDDW6,3.68,0.28,147.6,921
SASDDX6,3.68,0.28,148.9,921
SASDDY6,3.68,0.28,154.9,921
SASDDZ6,3.7,0.28,156,921
SASDD27,3.76,0.2818,159.9,921
SASDD37,3.71,0.28,164.8,921
SASDD47,3.72,0.28,176.7,921
SASDD57,3.75,0.2817,177.6,921
SASDD67,3.71,0.28,174.8,921
SASDD77,3.68,0.28,179.6,921
SASDDJ9,4.2,0.214,46,333
SASDDK9,4.1,0.17,50,333
SASDDL9,6.2,0.175,100,333
SASDDZ8,9.39,0.643,NA,153
SASDEM4,4,0.272,NA,172
SASDDV8,NA,NA,NA,393
SASDDW8,NA,1,NA,392
SASDDX8,NA,1.32,NA,393
SASDDY8,NA,NA,NA,393
SASDDP6,2.55,44.38,67.8,449
SASDDB6,4.2,16855,NA,325
SASDDC6,3.6,10844,NA,215
SASDCR9,5.41,0.02949,374,168
SASDDT4,2.64,414.42,70,229
SASDDU4,2.77,1.058,67,229
SASDDV4,2.73,497,74,229
SASDDV5,3.22,0.069,159,299
SASDDW5,3.26,0.072,165,299
SASDDP3,4.63,377.5,324,1010
SASDDQ3,5.22,461,582,1010
SASDDY2,3.74,17.51,182.6,373
SASDDZ2,4.79,42.19,313,520
SASDD23,3.63,0.006724,155,370
SASDB75,4.44,0.0094,360,258
SASDDJ3,2.41,1344.93,NA,323
SASDDK3,2.36,1269.62,NA,323
SASDDL3,1.61,629.71,15.9,235
SASDDM3,2.31,484.7,NA,235
SASDDN3,3.02,11597.7,116.7,597
SASDD93,7.64,44.59,2156,884
SASDDA3,7.89,151.16,2416,884
SASDDF3,3.56,13053,228,211
SASDDS4,2.971,321.37,105,622
SASDDU5,5.492,0.3194,670,379
SASDD46,3.62,0.035,NA,230
SASDD56,3.3,0.0248,NA,102
SASDB43,3.03,0.0384,42,231
SASDB53,4.15,3.10E-04,68,335
SASDB63,5.78,10.15,87,570
SASDB73,7.73,0.12741,123,723
SASDB83,3.11,0.0653,47,261
SASDB93,4.55,0.0192,70,471
SASDBA3,5.82,4.00E-04,107,611
SASDBB3,2.2,0.0353,20,142
SASDBV3,6.01,1.05E-04,184,614
SASDD42,2.76,0.01643,36,104
SASDD52,2.68,0.0161,35,108
SASDD65,3.45,0.057,128,653
SASDC48,3.92,0.04057,145,224
SASDCH9,5.01,337.3,298.9,626
SASDCJ9,4.83,235.22,271.4,626
SASDCY9,2.3,0.0039,22.48,100
SASDCZ9,3.18,2.57E-04,206.43,340
SASDD22,3.84,3.85E-04,250.82,100
SASDDX4,1.97,1190.6,26.02,234
SASDDY4,2.12,22.66,26.95,283
SASDB78,4.34,0.0099,186.43,931
SASDB88,4.19,0.051,189.99,931
SASDBG8,3.67,0.0348,113.99,697
SASDBH8,3.51,0.0457,131.82,697
SASDBZ6,4.2,0.032,87,404
SASDCT8,4.09,2368.95,145,136
SASDCU8,2.3,1477.17,68,336
SASDCV8,6.24,8.40E-04,280,492
SASDC67,3.3,0.031,100,275
SASDC57,3,0.025,117,169
SASDC77,4.36,0.041,227,169
SASDC87,3.8,0.046,190,169
SASDBP9,3.99,5968.74,106.46,390
SASDBQ9,4.69,9320.76,161.47,390
SASDBR9,2.35,183.31,59.45,322
SASDC55,2.47,0.012933,NA,163
SASDC65,3.692,0.019763,NA,285
SASDC99,3.11,2.6,NA,214
SASDCA9,4.843,0.096,NA,214
SASDCB9,4.324,0.048,NA,214
SASDCC9,2.91,0.044,NA,214
SASDCD9,4.748,0.019,NA,3
SASDCE9,4.38,0.015,NA,3
SASDCF9,3.549,0.6,NA,3
SASDCG9,3.317,0.53,NA,3
SASDC27,4.1,40271,96,85
SASDC37,3.6,43388,68,85
SASDC47,4.1,818,69,85
SASDCY6,5.6,251,896,307
SASDCX6,5.4,2564,686,85
SASDCZ6,4,3312,288,85
SASDD63,3.01,4.06,61.2,339
SASDLM4,3.9,269.271,170,992
SASDDQ2,2.3,564.75,NA,316
SASDDR2,2.7,624.38,NA,287
SASDDS2,2.5,0.0017,NA,295
SASDDT2,2.54,582.72,NA,311
SASDDU2,2.6,0.001932,NA,295
SASDDV2,2.42,551.79,NA,300
SASDDW2,3.95,13203.3,NA,300
SASDDX2,3.98,0.00299,NA,311
SASDCG7,2,63.25,22,76
SASDCM9,4.8,470,511,709
SASDCN9,2.7,2046,71,267
SASDCP9,2.3,1976,53,267
SASDCQ9,2.2,1795,53,267
SASDCS9,4.9,14318,482,709
SASDCY4,5.255,0.049,139,262
SASDCZ4,5.375,0.2172,183,262
SASDC25,6.39,0.185772,280,262
SASDCK7,2.8,1.01,61.4,355
SASDCL7,2.76,1.02,64.2,355
SASDCM7,3.27,1.02,92.8,544
SASDCN7,3.37,1.01,100.5,550
SASDCP7,3.8,1.02,116.4,652
SASDCQ7,3.14,1.01,86.2,532
SASDCH7,1.76,0.00776,17.3,126
SASDCJ7,1.53,0.00997,14.6,192
SASDDE3,2.03,3828.08,2.64,126
SASDD86,3.59,0.3008,121,733
SASDDE6,2.56,43.25,58.33,168
SASDDG6,2.56,42.23,56.83,168
SASDDK7,2.64,461.76,40.9,174
SASDDL7,1.81,15.15,21.3,132
SASDDM7,3.07,68.06,76.8,132
SASDBY4,4.39,2875.52,402,145
SASDC26,3.18,10070.7,69,410
SASDC36,2.13,3738.13,38,219
SASDC46,2.04,2071.9,38,211
SASDCB7,2.69,21234,86.56,322
SASDCC7,2.79,9293.71,115.38,338
SASDCD7,2.67,19766,105.9,338
SASDC62,1.657,0.103287,3.69,49
SASDCK9,2.59,0.0252,60.2,374
SASDCL9,2.92,0.0383,77.9,374
SASDCW5,3.88,11.42,275,688
SASDCX5,3.38,30,217,686
SASDCY5,3.89,53.19,336,688
SASDCZ5,3.26,25.14,217,686
SASDCE7,3.34,33.7,192,688
SASDCF7,3.69,12.4,253,688
SASDBJ7,4.18,0.0019,537,209
SASDCN5,3.9,19.97,202,1034
SASDCP5,2.15,5.59,31,150
SASDBS9,3.52,51.14,107,461
SASDCR7,3.56,5617,145,466
SASDCS7,3.87,5021,153,505
SASDCT7,3.83,65.35,136,621
SASDCU7,4.23,12523.6,210,708
SASDCV7,3.45,6577.5,105,489
SASDCW7,3.57,53.6,210,461
SASDCX7,3.38,312.65,127,461
SASDCY7,3.8,57.48,107,464
SASDCZ7,3.54,7255.14,114,475
SASDC82,4.98,125.13,440.41,1130
SASDC92,6.22,69.376,354.48,1130
SASDCA2,5.9,0.16538,491,1130
SASDCB2,3.41,0.094844,210.78,585
SASDCC2,3.45,0.08048,197.18,585
SASDCD2,3.36,0.069238,153.69,585
SASDCE2,5.87,0.1355,469.21,1130
SASDCF2,5.98,111.92,436.03,1130
SASDCG2,4.95,102.51,446.86,1130
SASDCZ2,5.294,0.18,561,255
SASDC23,3.35,43.94,74.35,395
SASDC33,2.71,33.58,60.37,356
SASDC43,3.15,45.98,67.5,395
SASDC53,2.76,22.95,21.82,98
SASDD53,5.12,0.105,115.3,652
SASDC76,8.005,0.346495,NA,711
SASDC86,8.096,0.306715,NA,711
SASDCM6,2.554,0.73,NA,301
SASDCN6,2.338,4.29,NA,301
SASDCP6,2.723,10.69,NA,301
SASDBJ9,3.542,0.868,314.75,308
SASDBK9,5.745,0.191,431.66,473
SASDBG2,2.6,26.7,46.78,121
SASDBH2,2.64,32.2,50.93,119
SASDCK2,3.287,0.037,229,387
SASDCQ2,2.174,0.027,25.2,148
SASDCJ3,2.833,0.04245,101,583
SASDCP3,4.49,1130.4,287,1014
SASDCQ3,4.36,681.48,293,1058
SASDCR3,4.56,470.58,291,1107
SASDCS3,5.27,182.86,541,1025
SASDCT3,5.24,409.44,553,1025
SASDCU3,5.19,607.3,560,1025
SASDCV3,4.59,1010.6,297,1107
SASDCW3,4.63,1474.93,295,1107
SASDCX3,4.37,1600.1,295,1058
SASDCY3,4.39,2318.76,294,1058
SASDCZ3,4.49,118.9,281,1025
SASDC24,4.5,232.34,283,1025
SASDC34,4.5,355.79,289,1025
SASDCQ5,NA,NA,NA,238
SASDCR5,NA,NA,NA,238
SASDCS5,NA,NA,NA,238
SASDCT5,NA,NA,NA,238
SASDCU5,2.4,794,NA,238
SASDCW4,3.6,0.15,162,1061
SASDCX4,3.99,0.15,161,1061
SASDCL2,2.4,97.1,35.6,243
SASDCM2,2.4,227.2,32.8,243
SASDCN2,2.53,336.3,36,243
SASDCP2,2.56,261.8,32.8,243
SASDCD3,2.71,0.02288,38,285
SASDCF3,2.73,0.023,38,284
SASDCG3,2.68,0.02204,37,284
SASDEH2,1.59,76.11,3.67,65
SASDEJ2,1.9,245.67,11.58,167
SASDEK2,1.69,71.69,3.9,65
SASDEL2,2.09,637.98,6.89,167
SASDEM2,2.4,181.15,16.21,73
SASDEN2,2,223.9,9.9,175
SASDEP2,2.33,82.16,9.81,73
SASDEQ2,2.4,208.2,12.19,175
SASDER2,3.2,1160.5,29.86,128
SASDES2,2.9,200.4,29.13,228
SASDET2,3.12,631.4,33.92,128
SASDEU2,3.16,419.8,28.87,228
SASDEV2,2.49,1059.5,14.97,111
SASDEW2,2.53,2890.7,16.89,211
SASDEX2,3.13,350.9,25.81,111
SASDEY2,2.92,377,18.55,211
SASDEZ2,3,654.3,31.68,143
SASDE23,3.1,89.1,23.54,243
SASDE33,3.5,807.4,53,143
SASDE43,3.24,351.9,27.24,243
SASDE53,2.1,870,41.1,68
SASDE63,2.3,1672.5,13.09,170
SASDE73,2.49,283.6,16.74,89
SASDE83,2.2,355.4,8.72,189
SASDE93,3.63,560.7,33.72,138
SASDEA3,3.2,315.4,30.9,238
SASDEB3,2.86,6123.1,27.41,182
SASDEC3,4.1,8825,45.45,207
SASDB58,2.88,93.3,NA,238
SASDB94,3.65,0.101,92,182
SASDBW6,4.38,0.0663,108,223
SASDBD9,2.42,855,51.4,284
SASDBE9,2.41,32,48.5,284
SASDBF9,2.3,752,45.7,284
SASDBG9,2.28,28.9,44.4,284
SASDBH9,2.29,744,45.8,284
SASDB45,3.57,4451.7,168,141
SASDC22,2.4,0.083,25.6,146
SASDB32,1.83,30.33,30.7,178
SASDB42,2.4,40.9,36.8,178
SASDC63,1.96,0.104031,NA,143
SASDBM6,2.32,0.034,26.3,192
SASDB59,5.08,16892.7,NA,240
SASDB69,4.13,16659,NA,463
SASDBE7,6.22,0.107,255,1330
SASDBS6,3.7,0.0383,102,400
SASDBT6,3.66,0.03233,90.2,400
SASDBU6,3.09,0.036814,69.7,366
SASDBV6,3.11,0.038495,72,366
SASDBA9,3.41,0.0125,92.02,103
SASDBB9,3.5,0.01539,94673,400
SASDBC9,2.95,1.01,70673,366
SASDJB2,2.17,0.0257,53.01,278
SASDB99,3.12,0.053,98.02,145
SASDBD3,5.32,0.37,380,742
SASDBE3,2.02,2.90E-06,40,230
SASDBF3,3.15,0.0013,89,556
SASDBU7,2.6,34.63,NA,305
SASDBV7,4.18,0.92,280,1358
SASDBW7,4.9,1.56,340,1512
SASDBX7,4.13,1.44,190,1021
SASDBY7,4.53,1.36,228,1174
SASDBG6,2.4,113.76,38,154
SASDBC7,3.55,4.31,81.37,398
SASDBD7,3.44,483.2,128.2,268
SASDC83,2.97,0.01578,85.57,194
SASDC93,3.645,0.0228923,180,194
SASDBF7,4.23,122.73,445.08,211
SASDBG7,4.17,50.76,436.85,211
SASDBH7,3.88,52.35,290.96,161
SASDBT9,2.238,0.074,67.43,240
SASDBU9,2.09,0.051,61.84,227
SASDBV9,1.77,154.07,17.94,111
SASDBW9,2.71,384.29,22.5,211
SASDBX9,2.78,206.42,56.68,110
SASDBY9,2.95,1553.37,27.97,226
SASDBZ9,4.34,815.33,66.59,439
SASDDH7,3.3,80.16,NA,377
SASDDJ7,3.32,84.42,NA,377
SASDAY8,1.74,9.99,NA,161
SASDA39,1.92,1.94,NA,161
SASDB65,2.96,74475,89.2,141
SASDBZ7,11.64,389.21,NA,710
SASDB28,12.61,534.52,NA,229
SASDB38,11.5,49602.1,NA,229
SASDBP4,2.2,16.6,41,229
SASDBQ4,3.72,50.3,123,229
SASDB47,5.69,0.052,275,369
SASDB95,3.65,0.75,103,734
SASDA49,5.77,13777.6,494.76,1140
SASDA59,6.37,14239.2,608.57,1140
SASDA69,6.55,8079.61,596.6,1140
SASDBW4,4.26,0.0011,526,206
SASDBX4,4.84,4.90E-04,294,294
SASDBY6,3.63,0.0252621,118,653
SASDC58,3,70.244,116,892
SASDCM8,3.64,68.97,180.59,485
SASDB55,6.8,76.79,177,547
SASDB26,6,64.32,117.09,507
SASDB36,7.3,82,193.23,507
SASDB46,3.9,43,59.3,327
SASDB56,6,61.1,99.6,507
SASDB66,7.8,93.9,216.4,507
SASDB76,3.9,39.9,49.4,327
SASDBF6,7.28,75.37,166.2,547
SASDBA5,2.694,457,110,548
SASDBB5,2.595,1587.6,99,548
SASDBC5,2.539,439.9,100,548
SASDBD5,2.533,437.7,99,548
SASDBE5,2.77,794,110,548
SASDBF5,2.63,105,100,548
SASDBG5,2.58,584,96,548
SASDBH5,2.6,157,98,548
SASDBJ5,2.62,128,100,548
SASDBK5,2.8,152,110,548
SASDBL5,2.62,225,100,548
SASDBM5,2.71,5160,110,548
SASDBN5,2.55,921,96,548
SASDBP5,2.91,99.3,120,548
SASDBQ5,2.73,96.9,100,548
SASDBR5,2.99,94.4,120,548
SASDBS5,3.04,112,130,548
SASDBT5,2.8,112,110,548
SASDBU5,2.795,1959,110,609
SASDBV5,2.658,1937,120,609
SASDBW5,2.634,1986,109.99,609
SASDBX5,2.622,2084,100,609
SASDB86,6.99,48.2,NA,517
SASDB96,6.223,46.3549,NA,517
SASDBA6,6.269,43.84,NA,517
SASDBB6,5.14,45.2,NA,517
SASDBC6,4.44,30.91,NA,517
SASDB27,5.2,3011.44,308,1242
SASDBK7,4.27,75.53,199,250
SASDBL7,2.61,14.91,68,91
SASDLN4,6.7,0.0358011,NA,104
SASDDL2,3.448,769.36,171,1265
SASDDM2,3.838,963.17,225,1265
SASDDN2,3.842,1566.68,248,1265
SASDDP2,3.862,2206.83,277,1265
SASDBZ5,2.319,2.83,52,87
SASDA89,3.79,0.151381,231,265
SASDA99,4.05,0.092,253,265
SASDBJ3,2.77,555,100.2,605
SASDBK3,3.89,217.8,201.5,605
SASDDD9,1.91,0.046,19.6,137
SASDAY7,4.9,0.025,240,372
SASDBA4,5.07,1051,90.6,479
SASDBB4,4.23,873,57.4,385
SASDBC4,8.54,2789,135.3,860
SASDBD4,4.41,9950,69.4,370
SASDBE4,7.49,25300,136,866
SASDAC6,2.039,18.511,37.7,207
SASDAE6,2.935,21.83,41.1,288
SASDAP7,5.846,1580.53,143,318
SASDBZ4,4.74,62494.4,519.8,513
SASDBY3,3.41,57.85,115,255
SASDB24,3.89,43.62,121.45,255
SASDB34,3.83,43.67,117,255
SASDBV4,3.41,0.0735086,74.36,216
SASDB54,4.51,0.063,94,561
SASDB64,3.78,0.029,64.75,380
SASDB52,2.7,795,101,333
SASDB62,2.5,717,89,333
SASDB72,2.4,623,78,333
SASDAU8,3.88,16939.3,153.8,458
SASDAW8,3.97,7459,189.7,458
SASDBL3,3.36,0.093,53,400
SASDBN3,3.38,0.094,55.2,400
SASDBU4,4.8,29.5,570,521
SASDBR3,4.45,662.4,119.05,149
SASDBS3,5.38,1278.08,214.4,149
SASDBT3,4.28,648.59,110.5,164
SASDBU3,5.19,760.36,192.3,164
SASDAA9,3.79,230.37,311.6,100
SASDAB9,3.255,0.175042,166.16,111
SASDC84,2.158,0.0213863,35.7,110
SASDBT4,2.71,150.78,118,605
SASDB74,5.55,17551,275,995
SASDB84,1.8,2266.34,24,165
SASDBN2,2.08,414,20,160
SASDBP2,2.45,402.7,35.9,232
SASDBQ2,3.1,103.1,48.7,309
SASDMU4,2.45,21.9971,60,228
SASDBR2,4.43,0.984,282,1295
SASDAX8,2.972,47.26,145.06,283
SASDAD7,3.7,85.3,95,304
SASDAE7,3.6,50.3,79,288
SASDBS2,3.17,1813.1,168,246
SASDBG3,3.31,59.2,NA,360
SASDBH3,4.15,67.4,NA,386
SASDBT2,1.77,0.044,23.6,162
SASDBU2,2.6,0.05,47.23,226
SASDBV2,2.69,0.041,46.6,226
SASDBW2,2.22,0.066,37.1,210
SASDBX2,3.3,0.072,57.9,390
SASDBQ3,1.95,26.5,27.5,164
SASDL67,2.79,14636.7,NA,355
SASDB44,2.88,58.02,90.25,235
SASDAJ8,3.34,62.75,87.66,164
SASDAK8,3.16,42.33,67,164
SASDBD2,2.68,39.06,57.8,145
SASDBE2,2.6,48.1,66.4,145
SASDB25,3.75,0.1055,54.7,328
SASDBY2,3.03,6795,166,203
SASDBZ2,4.43,16826,484,360
SASDB23,4.54,9573,NA,286
SASDB33,4.8,14105,410,480
SASDBW3,2.28,0.063,48.8,254
SASDBN4,7.99,25374.1,1033.34,699
SASDBS4,4.44,61228,450,480
SASDBY5,5.1,38540,NA,223
SASDAM8,4.2,4845,117,314
SASDAQ8,2.4,35,50,138
SASDAC8,3.6,1590,261,658
SASDGM5,4.35,0.0253,89,729
SASDGN5,8.27,0.0588,NA,729
SASDCH2,3.77,853,270,525
SASDAR6,5.67,188.32,298.52,151
SASDA28,2.54,1158.9,58,449
SASDA38,3.38,1922,117,777
SASDA48,3.96,21843,167.7,449
SASDCJ2,3.92,1087.12,106,214
SASDAG7,2.69,8235,57,169
SASDAD8,2.64,0.188,61.43,171
SASDA32,2.92,59.3,97.1,701
SASDA52,3.16,76.55,178,480
SASDA62,4.21,164.38,214,588
SASDA82,6.75,356,618.7,257
SASDA92,4.1,222,296,599
SASDAA2,3.78,82.8,116.6,782
SASDAB2,1.3,1206.41,11.5,104
SASDAC2,1.47,12.4,17.2,218
SASDAG2,1.45,12.29,20.7,218
SASDAK2,1.64,10.6,32,223
SASDAH2,1.65,10.7,31.7,223
SASDAL2,2.5,37,74.4,471
SASDAN2,1.58,13.5,14.7,235
SASDAQ2,1.27,7.09,12,78
SASDAR2,1.6,13.65,16.5,235
SASDAK6,3.4,165.24,293.1,481
SASDAB8,6.017,1.07,205,425
SASDA58,2.62,2964,73,244
SASDCL6,2.084,69.0664,23.8,76
SASDAS7,8.5,249,616,455
SASDA37,4.72,4140.4,28.6,215
SASDA47,7.7,7363.77,49.4,351
SASDA57,9.7,8587.8,57.7,561
SASDA67,12,9924.5,87.2,712
SASDA77,14.1,10488.6,89.2,867
SASDA87,15.9,14578,122,949
SASDC73,10.29,967.1,1000,276
SASDCL3,3.32,1019.45,160,276
SASDCM3,10.1,2325.3,848,435
SASDA96,1.5,779.5,23.69,133
SASDAA6,2.8,521.4,103.43,599
SASDAB6,3.21,3733.8,233.5,1621
SASDAT6,2.2,590,32,219
SASDAA7,3.98,0.07466,175,239
SASDBL2,8.38,41.42,483,812
SASDAL6,3.97,32346.5,320,375
SASDAM6,3.71,25322.6,320,375
SASDLG5,2.52,154.362,NA,109
SASDC32,4.7,67.8,316,601
SASDC42,5.5,1124,274,601
SASDC97,3.98,68.19,144,412
SASDCA7,2.72,19.84,73.6,259
SASDL57,2.75,1396.86,NA,355
SASDA46,3,1800,45,235
SASDA56,4,28,43,252
SASDA66,4.2,37.5,52,252
SASDAE8,2.41,22.5,31.1,178
SASDAF8,2.43,27,28.9,178
SASDAG8,2.35,35.8,32.9,189
SASDAH8,1.9,29.9,32,189
SASDBH6,2.53,0.019,40,164
SASDBJ6,2.14,0.01565,36,148
SASDBK6,1.91,0.0163,31,135
SASDBL6,1.91,0.01265,28.5,121
SASDC85,3.03,0.0200666,NA,214
SASDCV5,3.33,0.031817,NA,208
SASDLP5,2.07,3601.11,45,184
SASDLH3,3.1,66.8463,149,252
SASDAZ5,3.9,3638,100,437
SASDA26,3.2,1284,38,226
SASDA76,5.1,1370,120,437
SASDA86,4,1270,95,437
SASDAL5,3.3,45.6,72.15,293
SASDAM5,4.2,3664,91.7,293
SASDLH5,6.9,129.665,425,373
SASDLJ5,7,197.248,340,465
SASDLK5,8.4,315.577,900,373
SASDLW4,2.14,24.5893,48,101
SASDDF6,3.3,20.49,NA,191
SASDAP4,3.2,2850,75,643
SASDAR3,2.27,16.7,37,207
SASDH23,3.55,0.1121,62,492
SASDA35,2.5,45.524,55,495
SASDAX5,5.9,435.06,480,259
SASDAY5,3.3,71.09,90,259
SASDB35,3.35,84.12,168,349
SASDAN3,4.7,10500,307,988
SASDAQ3,7.8,274,700,988
SASDA45,5.4,26.8,540,1207
SASDA24,7.8,274,NA,988
SASDAX3,8.5,301,750,988
SASDAY3,8.3,356,720,988
SASDAZ3,8,280,NA,988
SASDAJ4,3.8,1.15,190,1157
SASDAK4,3.61,1.658,NA,1157
SASDAL4,4.141,1.771,NA,1157
SASDAM4,4.3,113,NA,1157
SASDLV4,6.9,0.355922,726,1099
SASDAV5,4,45.31,160,699
SASDAW5,3.5,78.3,155,699
SASDL47,5.48,39.6585,NA,129
SASDAF4,3.6,91.2,NA,616
SASDAG4,4.6,121,NA,760
SASDDJ2,1.29,52.54,13.6,77
SASDBR4,3.56,0.03,NA,361
SASDHY2,5.13,0.0496,140,396
SASDAT4,2.8,49.3,69,448
SASDAU4,2.2,36.7,57,448
SASDAV4,2.5,39.2,61,448
SASDAW4,2.4,44.9,57,448
SASDAX4,2.8,62.3,102,448
SASDA85,4.9,109.38,NA,1041
SASDA95,4,71.4,NA,890
SASDAA5,4,45.63,NA,564
SASDAB5,3,38.14,NA,329
SASDKR3,2.968,0.197804,54.5,198
SASDMM9,3.68,106.703,NA,579
SASDAE5,3.7,86.9,135,847
SASDAF5,4.1,88,146,847
SASDAJ5,2.4,40.26,54,331
SASDM97,2.687,673109,39.1,280
SASDLL5,2.2,0.129547,NA,125
SASDLM5,2.1,0.120508,NA,125
SASDLN5,2.5,0.141315,NA,125
SASDED2,3.72,40.49,51,347
SASDDK2,4.727,892.91,308,525
SASDMJ9,2.06,18.4014,NA,107
SASDMK9,2.96,32.7724,NA,107
SASDLV5,9.564,3586270,NA,552
SASDLG3,8.75,1884.45,2473,231
SASDAA4,3.9,160,100,474
SASDAB4,3.6,169,80,425
SASDHZ2,3.03,0.0587,92,264
SASDH33,3.22,0.0411,88,440
SASDH83,3.79,0.0264,195,264
SASDML9,3.87,170.836,NA,669
SASDAF6,4.29,0.172,NA,697
SASDAG6,2.92,0.093,NA,363
SASDC96,1.97,1191.41,40.76,119
SASDCA6,1.53,434.9,12.99,89
SASDCB6,2.3,172.18,83.11,125
SASDCC6,1.96,823.82,47.86,133
SASDCD6,2.32,249.39,18.41,135
SASDCE6,2.24,2157.41,52.14,136
SASDCF6,2.12,1061.36,57.75,153
SASDCG6,1.98,933.37,33.98,177
SASDCH6,1.88,1014.83,31.65,183
SASDCJ6,2.32,1019.02,61.51,298
SASDCK6,2.8,762.91,66.44,462
SASDAG5,3.2,130,110,104
SASDAS6,4.4,23.7,57,392
SASDNU2,2.3,193.947,48,199
SASDLR5,3.773,181.247,130,673
SASDLS5,4.535,264.153,289,673
SASDLF3,4.6,10027.4,81.2,356
SASDAC5,5.65,80,390,1388
SASDAD5,8.55,4070,1800,7971
SASDAV6,3.2,68,NA,399
SASDAW6,1.87,17.2,NA,136
SASDAX6,1.53,14.8,NA,108
SASDAY6,3.58,112.4,NA,399
SASDAZ6,3.11,88.44,NA,399
SASDA27,3.51,156.8,NA,399
SASDC56,3.2,71.16,75,269
SASDC66,3.18,69.76,74,269
SASDD35,4.9,0.065,NA,218
SASDCN3,4.1,0.0290498,189,575
SASDMN9,2.49,98.2611,21,220
SASDMP9,3.69,166.903,38.5,305
SASDMQ9,3.69,6768.22,NA,299
SASDAY4,3,1.62,68,374
SASDAZ4,3,0.38,38,251
SASDA25,2,0.194,20,121
SASDHE2,5.08,0.341,357,915
SASDHF2,5.48,0.404,385,997
SASDAV3,2.9,150.448,70,278
SASDAW3,3.8,211.49,120,278
SASDND2,1.35,1541.92,14.7,107
SASDNE2,2.3,4186.08,28,107
SASDA55,3.99,0.501,210,211
SASDAH4,2.9,0.378,60,365
SASDAQ4,5.85,87600,630,221
SASDAS3,1.92,41.5,33,179
SASDAT3,2.1,98.309,34,200
SASDAU3,2.76,34.3,32,206
SASDH62,3.182,298.81,123,1032
SASDH72,3.79,251,151,1032
SASDH82,3.61,311.31,145,1032
SASDNV2,4.58,744.827,384,1773
SASDAR5,2.6,123,92,226
SASDNZ2,7.6,694.751,434,580
SASDN23,4.7,362.883,173,580
SASDMC7,4.143,270.51,92,556
SASDLX5,2.6,11332.6,101,260
SASDLY5,3.5,236.263,123,506
SASDAS5,2.6,1032000,95,441
SASDAT5,3.1,1158700,102,220
SASDAU5,4.3,2365600,255,441
SASDLX4,4.092,359.714,297,493
SASDA94,2.65,98.1,50,126
SASDAN5,2.14,5.2,42,108
SASDAP5,2.9,11.3,64,108
SASDNC2,3.15,161.503,58,578
SASDLZ5,5.3,845.613,290,172
SASDLZ6,7.65,5487.98,NA,1508
SASDMS4,2.75,236.525,54,330
SASDMT4,4.64,261.479,270,933
SASDNW2,3,98.9233,71,443
SASDNX2,4.1,170.857,139,443
SASDNY2,3.6,142.542,107,443
SASDAN4,2.1,107.587,36,221
SASDLW5,4.781,63274.2,NA,525
SASDAK5,4,10070,56,209
SASDNN2,2.971,10.7146,NA,295
SASDNP2,3.3,9.98247,NA,295
SASDNQ2,2.399,9.73527,NA,295
SASDNR2,2.82,7.63708,NA,295
SASDNS2,2.44,11.8602,NA,295
SASDNT2,2.23,10.9964,NA,295
SASDH43,3.23,140,135,644
SASDH53,3.42,147,160,644
SASDH63,3.07,136,115,644
SASDH73,3.15,141,132,644
SASDMB7,5.124,39226.8,421,509
SASDAC4,3.5,122,75,251
SASDHY3,2.91,805,85,236
SASDHZ3,2.93,172.9,76,236
SASDA68,3.64,389.27,NA,364
SASDA78,2.06,119.52,NA,260
SASDA98,7.86,2510.92,NA,2769
SASDAA8,1.87,87.52,NA,245
SASDMA7,9.832,127506,3320,261
SASDNB2,1.97,19.242,21.6,126
SASDLR7,3.95,224.562,150,461
SASDN92,4.155,539.884,234,356
SASDNA2,3.674,96.6683,202,356
SASDAQ5,6.22,581600,1450,156
SASDN63,2.37,90.0538,61,323
SASDN73,2.32,15.8877,62,323
SASDN83,2.34,102.49,64,346
SASDM87,3.027,97.8748,97,450
SASDAR4,3.97,206,NA,638
SASDN93,3.87,14574.6,173,840
SASDAD4,5.1,291.7,330,454
SASDAE4,5.5,10500,126,251
SASDLP7,6.731,348.109,370,714
SASDLQ7,4.8,152.581,190,933
SASDLQ5,5.937,2573.61,NA,1105
SASDM77,3.966,205.786,117,547
SASDC52,5,183,130,679
SASDLN7,3.63,994.526,262,1606
SASDLB7,4.1,548.555,117,442
SASDAX2,3.9,10.2,NA,716